Version,Device,Clock_Period_nsec,Latency_msec,Synthesis_Time_sec,BRAM_Utilization_percentage,DSP_Utilization_percentage,FF_Utilization_percentage,LUT_Utilization_percentage,OuterLoop_1,InnerLoop_1_1,InnerLoop_2_1,Area,Weight,is_pareto
workload_0.cpp,xczu7ev-ffvc1156-2-e,10.0,1402.88001,107,1,1,2,2,unroll_2,pipeline,unroll_4,1.5,0.9077223287531928,False
workload_1.cpp,xczu7ev-ffvc1156-2-e,10.0,1401.85601,107,1,1,4,4,unroll_4,pipeline,unroll_2,2.5,0.9155786270101758,False
workload_2.cpp,xczu7ev-ffvc1156-2-e,10.0,835.58531,107,1,1,7,9,pipeline_1,pipeline,unroll_2,4.5,0.9253756337048518,False
workload_3.cpp,xczu7ev-ffvc1156-2-e,10.0,1401.85601,107,1,1,4,4,unroll_4,pipeline,unroll_8,2.5,0.9155786270101758,False
workload_4.cpp,xczu7ev-ffvc1156-2-e,10.0,1401.85601,107,1,1,4,4,unroll_4,pipeline,unroll_4,2.5,0.9155786270101758,False
workload_5.cpp,xczu7ev-ffvc1156-2-e,10.0,1401.34401,107,1,1,9,8,unroll_8,pipeline_1,pipeline,4.75,0.8627728756858002,False
workload_6.cpp,xczu7ev-ffvc1156-2-e,10.0,835.58531,107,1,1,8,10,pipeline_1,pipeline,unroll,5.0,0.9052504516980592,False
workload_7.cpp,xczu7ev-ffvc1156-2-e,10.0,1401.34401,107,1,1,9,8,unroll_8,pipeline,unroll_16,4.75,0.8627728756858002,False
workload_8.cpp,xczu7ev-ffvc1156-2-e,10.0,1401.34401,107,1,1,9,8,unroll_8,pipeline,pipeline,4.75,0.8627728756858002,False
workload_9.cpp,xczu7ev-ffvc1156-2-e,10.0,2551.80801,107,1,1,2,6,unroll_4,unroll,pipeline_1,2.5,0.7183559632839485,False
workload_10.cpp,xczu7ev-ffvc1156-2-e,10.0,2551.80801,107,1,1,4,11,unroll_8,unroll,pipeline,4.25,0.7116423360057287,False
workload_11.cpp,xczu7ev-ffvc1156-2-e,10.0,1401.34401,107,1,1,9,8,unroll_8,pipeline,pipeline_1,4.75,0.8627728756858002,False
workload_12.cpp,xczu7ev-ffvc1156-2-e,10.0,139.26709,108,1,2,8,10,pipeline,unroll,unroll_4,5.25,1.0,True
workload_13.cpp,xczu7ev-ffvc1156-2-e,10.0,5883.90401,108,1,1,4,8,unroll_2,unroll,unroll_8,3.5,0.2993285884329046,False
workload_14.cpp,xczu7ev-ffvc1156-2-e,10.0,139.26709,108,1,2,8,10,pipeline,unroll,pipeline_1,5.25,1.0,True
workload_15.cpp,xczu7ev-ffvc1156-2-e,10.0,1401.08801,136,1,1,18,15,unroll_16,pipeline,unroll_16,8.75,0.7228252213645997,False
workload_16.cpp,xczu7ev-ffvc1156-2-e,10.0,1401.08801,136,1,1,18,15,unroll_16,pipeline,unroll_2,8.75,0.7228252213645997,False
workload_17.cpp,xczu7ev-ffvc1156-2-e,10.0,1402.88001,56,1,1,2,2,unroll_2,pipeline,unroll_16,1.5,0.9077223287531928,False
workload_18.cpp,xczu7ev-ffvc1156-2-e,10.0,1402.88001,56,1,1,2,2,unroll_2,pipeline,unroll_8,1.5,0.9077223287531928,False
workload_19.cpp,xczu7ev-ffvc1156-2-e,10.0,1402.88001,58,1,1,2,2,unroll_2,pipeline,unroll_2,1.5,0.9077223287531928,False
workload_20.cpp,xczu7ev-ffvc1156-2-e,10.0,1402.88001,58,1,1,2,2,unroll_2,pipeline_1,unroll_16,1.5,0.9077223287531928,False
workload_21.cpp,xczu7ev-ffvc1156-2-e,10.0,139.26709,73,1,2,8,10,pipeline,unroll,unroll_8,5.25,1.0,True
workload_22.cpp,xczu7ev-ffvc1156-2-e,10.0,139.26709,74,1,2,8,10,pipeline_1,unroll,pipeline,5.25,1.0,True
workload_23.cpp,xczu7ev-ffvc1156-2-e,10.0,139.26709,74,1,2,8,10,pipeline_1,unroll,unroll_2,5.25,1.0,True
workload_24.cpp,xczu7ev-ffvc1156-2-e,10.0,139.26709,76,1,2,8,10,pipeline_1,unroll,unroll_8,5.25,1.0,True
workload_25.cpp,xczu7ev-ffvc1156-2-e,10.0,835.5853,82,1,1,7,9,pipeline,pipeline,unroll_4,4.5,0.9253756345643507,False
workload_26.cpp,xczu7ev-ffvc1156-2-e,10.0,9118.20801,83,1,1,4,10,unroll_8,unroll,unroll_2,4.0,0.11352081049141739,False
workload_27.cpp,xczu7ev-ffvc1156-2-e,10.0,835.5853,84,1,1,7,9,pipeline_1,pipeline_1,unroll_8,4.5,0.9253756345643507,False
workload_28.cpp,xczu7ev-ffvc1156-2-e,10.0,9117.95201,130,1,1,9,19,unroll_16,unroll,unroll_2,7.5,0.11178322118348112,False
workload_29.cpp,xczu7ev-ffvc1156-2-e,10.0,2551.80801,139,1,1,7,22,unroll_16,unroll,pipeline,7.75,0.6514073741392478,False
workload_30.cpp,xczu7ev-ffvc1156-2-e,10.0,1400.96001,250,1,1,36,29,unroll_32,pipeline,pipeline_1,16.75,0.47671109860159966,False
workload_31.cpp,xczu7ev-ffvc1156-2-e,10.0,2551.80801,646,1,1,29,81,unroll_64,unroll,pipeline_1,28.0,0.19425000570381237,False
workload_32.cpp,xczu7ev-ffvc1156-2-e,10.0,5882.11201,964,1,1,30,51,unroll_16,unroll,unroll_8,20.75,0.17433405486565756,False
workload_35.cpp,xczu7ev-ffvc1156-2-e,10.0,8587.26401,62,1,1,2,5,unroll_2,unroll,unroll_4,2.25,0.12918257825180618,False
workload_36.cpp,xczu7ev-ffvc1156-2-e,10.0,1401.85601,70,1,1,4,4,unroll_4,pipeline,unroll_16,2.5,0.9155786270101758,False
workload_37.cpp,xczu7ev-ffvc1156-2-e,10.0,1401.85601,70,1,1,4,4,unroll_4,pipeline,pipeline_1,2.5,0.9155786270101758,False
workload_38.cpp,xczu7ev-ffvc1156-2-e,10.0,139.26709,73,1,2,8,10,pipeline,unroll,unroll_2,5.25,1.0,True
workload_39.cpp,xczu7ev-ffvc1156-2-e,10.0,139.26709,74,1,2,8,10,pipeline_1,unroll,pipeline_1,5.25,1.0,True
workload_40.cpp,xczu7ev-ffvc1156-2-e,10.0,835.5853,80,1,1,7,9,pipeline,pipeline_1,pipeline_1,4.5,0.9253756345643507,False
workload_41.cpp,xczu7ev-ffvc1156-2-e,10.0,835.5853,83,1,1,7,9,pipeline,pipeline_1,unroll_4,4.5,0.9253756345643507,False
workload_42.cpp,xczu7ev-ffvc1156-2-e,10.0,835.5853,87,1,1,7,9,pipeline,pipeline,unroll_16,4.5,0.9253756345643507,False
workload_43.cpp,xczu7ev-ffvc1156-2-e,10.0,835.5853,87,1,1,7,9,pipeline_1,pipeline,unroll_8,4.5,0.9253756345643507,False
workload_44.cpp,xczu7ev-ffvc1156-2-e,10.0,835.5853,88,1,1,7,9,pipeline_1,pipeline,pipeline,4.5,0.9253756345643507,False
workload_45.cpp,xczu7ev-ffvc1156-2-e,10.0,1401.34401,88,1,1,9,8,unroll_8,pipeline_1,unroll_16,4.75,0.8627728756858002,False
workload_46.cpp,xczu7ev-ffvc1156-2-e,10.0,4532.22401,88,1,1,7,14,unroll_2,unroll,unroll_16,5.75,0.43308921656748234,False
workload_47.cpp,xczu7ev-ffvc1156-2-e,10.0,1401.34401,90,1,1,9,8,unroll_8,pipeline,unroll_8,4.75,0.8627728756858002,False
workload_48.cpp,xczu7ev-ffvc1156-2-e,10.0,5882.88001,102,1,1,7,15,unroll_4,unroll,unroll_8,6.0,0.2940439918478652,False
workload_49.cpp,xczu7ev-ffvc1156-2-e,10.0,1372.41601,130,1,1,18,14,unroll_16,pipeline,unroll,8.5,0.733302080221652,False
workload_50.cpp,xczu7ev-ffvc1156-2-e,10.0,1402.88001,60,1,1,2,2,unroll_2,pipeline,pipeline_1,1.5,0.9077223287531928,False
workload_51.cpp,xczu7ev-ffvc1156-2-e,10.0,1401.08801,133,1,1,18,15,unroll_16,pipeline_1,unroll_16,8.75,0.7228252213645997,False
workload_52.cpp,xczu7ev-ffvc1156-2-e,10.0,1401.08801,140,1,1,18,15,unroll_16,pipeline_1,unroll_8,8.75,0.7228252213645997,False
workload_53.cpp,xczu7ev-ffvc1156-2-e,10.0,1401.08801,140,1,1,18,15,unroll_16,pipeline,unroll_8,8.75,0.7228252213645997,False
workload_54.cpp,xczu7ev-ffvc1156-2-e,10.0,2551.80801,64,1,1,2,6,unroll_4,unroll,pipeline,2.5,0.7183559632839485,False
workload_55.cpp,xczu7ev-ffvc1156-2-e,10.0,1374.20801,56,1,1,2,2,unroll_2,pipeline,unroll,1.5,1.0,True
workload_56.cpp,xczu7ev-ffvc1156-2-e,10.0,835.5853,77,1,1,7,9,pipeline,pipeline_1,unroll_8,4.5,0.9253756345643507,False
workload_57.cpp,xczu7ev-ffvc1156-2-e,10.0,1373.18401,69,1,1,4,4,unroll_4,pipeline,unroll,2.5,1.0,True
workload_58.cpp,xczu7ev-ffvc1156-2-e,10.0,1401.34401,94,1,1,9,8,unroll_8,pipeline,unroll_2,4.75,0.8627728756858002,False
workload_59.cpp,xczu7ev-ffvc1156-2-e,10.0,557.05906,79,1,1,5,6,pipeline_1,unroll,unroll,3.25,1.0,True
workload_60.cpp,xczu7ev-ffvc1156-2-e,10.0,835.58531,83,1,1,8,10,pipeline,pipeline,unroll,5.0,0.9052504516980592,False
workload_61.cpp,xczu7ev-ffvc1156-2-e,10.0,835.5853,85,1,1,7,9,pipeline,pipeline,pipeline,4.5,0.9253756345643507,False
workload_62.cpp,xczu7ev-ffvc1156-2-e,10.0,835.5853,85,1,1,7,9,pipeline_1,pipeline,pipeline_1,4.5,0.9253756345643507,False
workload_63.cpp,xczu7ev-ffvc1156-2-e,10.0,835.5853,84,1,1,7,9,pipeline_1,pipeline,unroll_4,4.5,0.9253756345643507,False
workload_64.cpp,xczu7ev-ffvc1156-2-e,10.0,1402.88001,59,1,1,2,2,unroll_2,pipeline_1,unroll_8,1.5,0.9077223287531928,False
workload_65.cpp,xczu7ev-ffvc1156-2-e,10.0,139.26709,68,1,2,8,10,pipeline,unroll,unroll_16,5.25,1.0,True
workload_66.cpp,xczu7ev-ffvc1156-2-e,10.0,835.5853,75,1,1,7,9,pipeline,pipeline,pipeline_1,4.5,0.9253756345643507,False
workload_67.cpp,xczu7ev-ffvc1156-2-e,10.0,1401.34401,83,1,1,9,8,unroll_8,pipeline_1,unroll_2,4.75,0.8627728756858002,False
workload_68.cpp,xczu7ev-ffvc1156-2-e,10.0,1401.08801,137,1,1,18,15,unroll_16,pipeline,pipeline,8.75,0.7228252213645997,False
workload_69.cpp,xczu7ev-ffvc1156-2-e,10.0,835.58531,79,1,1,7,9,pipeline,pipeline,unroll_2,4.5,0.9253756337048518,False
workload_70.cpp,xczu7ev-ffvc1156-2-e,10.0,5882.36801,244,1,1,15,27,unroll_8,unroll,unroll_8,11.0,0.26485212099654865,False
workload_71.cpp,xczu7ev-ffvc1156-2-e,10.0,1400.96001,236,1,1,36,29,unroll_32,pipeline,unroll_16,16.75,0.47671109860159966,False
workload_72.cpp,xczu7ev-ffvc1156-2-e,10.0,2551.80801,625,1,1,29,85,unroll_64,unroll,pipeline,29.0,0.1802614574069923,False
workload_73.cpp,xczu7ev-ffvc1156-2-e,10.0,4530.43201,2269,1,1,57,92,unroll_16,unroll,unroll_16,37.75,0.10000000000000003,False
workload_75.cpp,xczu7ev-ffvc1156-2-e,10.0,1402.88001,55,1,1,2,2,unroll_2,pipeline_1,unroll_2,1.5,0.9077223287531928,False
workload_76.cpp,xczu7ev-ffvc1156-2-e,10.0,1402.88001,55,1,1,2,2,unroll_2,pipeline_1,pipeline,1.5,0.9077223287531928,False
workload_77.cpp,xczu7ev-ffvc1156-2-e,10.0,1402.88001,55,1,1,2,2,unroll_2,pipeline_1,pipeline_1,1.5,0.9077223287531928,False
workload_78.cpp,xczu7ev-ffvc1156-2-e,10.0,2551.80801,57,1,1,1,3,unroll_2,unroll,pipeline_1,1.5,0.7153973340954604,False
workload_79.cpp,xczu7ev-ffvc1156-2-e,10.0,1402.88001,59,1,1,2,2,unroll_2,pipeline_1,unroll_4,1.5,0.9077223287531928,False
workload_80.cpp,xczu7ev-ffvc1156-2-e,10.0,1402.88001,61,1,1,2,2,unroll_2,pipeline,pipeline,1.5,0.9077223287531928,False
workload_81.cpp,xczu7ev-ffvc1156-2-e,10.0,1401.85601,68,1,1,4,4,unroll_4,pipeline_1,unroll_2,2.5,0.9155786270101758,False
workload_82.cpp,xczu7ev-ffvc1156-2-e,10.0,1401.85601,69,1,1,4,4,unroll_4,pipeline_1,unroll_16,2.5,0.9155786270101758,False
workload_83.cpp,xczu7ev-ffvc1156-2-e,10.0,1401.85601,69,1,1,4,4,unroll_4,pipeline,pipeline,2.5,0.9155786270101758,False
workload_84.cpp,xczu7ev-ffvc1156-2-e,10.0,139.26709,73,1,2,8,10,pipeline_1,unroll,unroll_4,5.25,1.0,True
workload_85.cpp,xczu7ev-ffvc1156-2-e,10.0,835.5853,79,1,1,7,9,pipeline_1,pipeline_1,pipeline_1,4.5,0.9253756345643507,False
workload_86.cpp,xczu7ev-ffvc1156-2-e,10.0,835.5853,81,1,1,7,9,pipeline_1,pipeline_1,unroll_16,4.5,0.9253756345643507,False
workload_87.cpp,xczu7ev-ffvc1156-2-e,10.0,835.5853,81,1,1,7,9,pipeline,pipeline,unroll_8,4.5,0.9253756345643507,False
workload_88.cpp,xczu7ev-ffvc1156-2-e,10.0,835.5853,82,1,1,7,9,pipeline,pipeline_1,pipeline,4.5,0.9253756345643507,False
workload_89.cpp,xczu7ev-ffvc1156-2-e,10.0,1401.34401,86,1,1,9,8,unroll_8,pipeline,unroll_4,4.75,0.8627728756858002,False
workload_90.cpp,xczu7ev-ffvc1156-2-e,10.0,835.5853,86,1,1,7,9,pipeline_1,pipeline,unroll_16,4.5,0.9253756345643507,False
workload_91.cpp,xczu7ev-ffvc1156-2-e,10.0,1401.34401,93,1,1,9,8,unroll_8,pipeline_1,pipeline_1,4.75,0.8627728756858002,False
workload_92.cpp,xczu7ev-ffvc1156-2-e,10.0,1372.67201,93,1,1,9,8,unroll_8,pipeline,unroll,4.75,0.8655483797688864,False
workload_93.cpp,xczu7ev-ffvc1156-2-e,10.0,1401.85601,62,1,1,4,4,unroll_4,pipeline_1,unroll_4,2.5,0.9155786270101758,False
workload_94.cpp,xczu7ev-ffvc1156-2-e,10.0,1401.85601,66,1,1,4,4,unroll_4,pipeline_1,unroll_8,2.5,0.9155786270101758,False
workload_95.cpp,xczu7ev-ffvc1156-2-e,10.0,1372.67201,75,1,1,9,8,unroll_8,pipeline_1,unroll,4.75,0.8655483797688864,False
workload_96.cpp,xczu7ev-ffvc1156-2-e,10.0,835.5853,78,1,1,7,9,pipeline_1,pipeline_1,unroll_4,4.5,0.9253756345643507,False
workload_97.cpp,xczu7ev-ffvc1156-2-e,10.0,835.5853,83,1,1,7,9,pipeline_1,pipeline_1,pipeline,4.5,0.9253756345643507,False
workload_98.cpp,xczu7ev-ffvc1156-2-e,10.0,835.58531,75,1,1,7,9,pipeline,pipeline_1,unroll_2,4.5,0.9253756337048518,False
workload_99.cpp,xczu7ev-ffvc1156-2-e,10.0,8585.72801,146,1,1,8,16,unroll_8,unroll,unroll_4,6.5,0.12744111482309806,False
workload_100.cpp,xczu7ev-ffvc1156-2-e,10.0,4531.20001,157,1,1,14,26,unroll_4,unroll,unroll_16,10.5,0.38729625534798395,False
workload_101.cpp,xczu7ev-ffvc1156-2-e,10.0,933.89493,344,1,1,7,7,unroll_4,unroll,unroll,4.0,0.9337941690016173,False
workload_102.cpp,xczu7ev-ffvc1156-2-e,10.0,9119.74401,51,1,1,1,3,unroll_2,unroll,unroll_2,1.5,0.11349601903047508,False
workload_103.cpp,xczu7ev-ffvc1156-2-e,10.0,2551.80801,52,1,1,1,3,unroll_2,unroll,pipeline,1.5,0.7153973340954604,False
workload_104.cpp,xczu7ev-ffvc1156-2-e,10.0,1374.20801,56,1,1,2,2,unroll_2,pipeline_1,unroll,1.5,1.0,True
workload_105.cpp,xczu7ev-ffvc1156-2-e,10.0,1401.85601,62,1,1,4,4,unroll_4,pipeline_1,pipeline_1,2.5,0.9155786270101758,False
workload_106.cpp,xczu7ev-ffvc1156-2-e,10.0,1401.85601,66,1,1,4,4,unroll_4,pipeline_1,pipeline,2.5,0.9155786270101758,False
workload_107.cpp,xczu7ev-ffvc1156-2-e,10.0,9118.72001,66,1,1,2,6,unroll_4,unroll,unroll_2,2.5,0.11361531552462478,False
workload_108.cpp,xczu7ev-ffvc1156-2-e,10.0,557.05906,67,1,1,5,6,pipeline,unroll,unroll,3.25,1.0,True
workload_109.cpp,xczu7ev-ffvc1156-2-e,10.0,139.26709,71,1,2,8,10,pipeline,unroll,pipeline,5.25,1.0,True
workload_110.cpp,xczu7ev-ffvc1156-2-e,10.0,139.26709,72,1,2,8,10,pipeline_1,unroll,unroll_16,5.25,1.0,True
workload_111.cpp,xczu7ev-ffvc1156-2-e,10.0,835.58531,75,1,1,7,9,pipeline_1,pipeline_1,unroll_2,4.5,0.9253756337048518,False
workload_112.cpp,xczu7ev-ffvc1156-2-e,10.0,8586.24001,77,1,1,4,9,unroll_4,unroll,unroll_4,3.75,0.12914687820909876,False
workload_113.cpp,xczu7ev-ffvc1156-2-e,10.0,835.5853,79,1,1,7,9,pipeline,pipeline_1,unroll_16,4.5,0.9253756345643507,False
workload_114.cpp,xczu7ev-ffvc1156-2-e,10.0,1019.90753,108,1,1,4,5,unroll_2,unroll,unroll,2.75,1.0,True
workload_115.cpp,xczu7ev-ffvc1156-2-e,10.0,1373.18401,56,1,1,4,4,unroll_4,pipeline_1,unroll,2.5,1.0,True
workload_116.cpp,xczu7ev-ffvc1156-2-e,10.0,835.58531,68,1,1,8,10,pipeline,pipeline_1,unroll,5.0,0.9052504516980592,False
workload_117.cpp,xczu7ev-ffvc1156-2-e,10.0,835.58531,70,1,1,8,10,pipeline_1,pipeline_1,unroll,5.0,0.9052504516980592,False
workload_118.cpp,xczu7ev-ffvc1156-2-e,10.0,1401.34401,71,1,1,9,8,unroll_8,pipeline_1,unroll_8,4.75,0.8627728756858002,False
workload_119.cpp,xczu7ev-ffvc1156-2-e,10.0,1550.33607,1477,1,1,20,13,unroll_16,unroll,unroll,8.75,0.7135628727574815,False
workload_120.cpp,xczu7ev-ffvc1156-2-e,10.0,1401.34401,72,1,1,9,8,unroll_8,pipeline_1,unroll_4,4.75,0.8627728756858002,False
workload_121.cpp,xczu7ev-ffvc1156-2-e,10.0,1563.64807,359,1,1,10,10,unroll_8,unroll,unroll,5.5,0.8239384106754881,False
workload_122.cpp,xczu7ev-ffvc1156-2-e,5.0,994.304005,70,1,1,3,3,unroll_2,pipeline,unroll_4,2.0,0.9094363567245302,False
workload_123.cpp,xczu7ev-ffvc1156-2-e,5.0,2033.664005,72,1,1,2,6,unroll_4,unroll,pipeline_1,2.5,0.7797327688842214,False
workload_124.cpp,xczu7ev-ffvc1156-2-e,5.0,993.792005,74,1,1,5,5,unroll_4,pipeline,unroll_8,3.0,0.9131981029955141,False
workload_125.cpp,xczu7ev-ffvc1156-2-e,5.0,993.792005,77,1,1,5,5,unroll_4,pipeline,unroll_4,3.0,0.9131981029955141,False
workload_126.cpp,xczu7ev-ffvc1156-2-e,5.0,993.792005,78,1,1,5,5,unroll_4,pipeline,unroll_2,3.0,0.9131981029955141,False
workload_127.cpp,xczu7ev-ffvc1156-2-e,5.0,4893.696005,79,1,1,4,8,unroll_2,unroll,unroll_8,3.5,0.3212905178785571,False
workload_128.cpp,xczu7ev-ffvc1156-2-e,5.0,69.634275,80,1,2,9,11,pipeline,unroll,pipeline_1,5.75,1.0,True
workload_129.cpp,xczu7ev-ffvc1156-2-e,5.0,69.634275,84,1,2,9,11,pipeline,unroll,unroll_4,5.75,1.0,True
workload_130.cpp,xczu7ev-ffvc1156-2-e,5.0,417.79438,89,1,1,8,9,pipeline_1,pipeline,unroll_2,4.75,0.9409329236728641,False
workload_131.cpp,xczu7ev-ffvc1156-2-e,5.0,417.79438,94,1,1,8,10,pipeline_1,pipeline,unroll,5.0,0.9338249067303229,False
workload_132.cpp,xczu7ev-ffvc1156-2-e,5.0,993.536005,104,1,1,11,10,unroll_8,pipeline,pipeline_1,5.75,0.846391306763976,False
workload_133.cpp,xczu7ev-ffvc1156-2-e,5.0,3078.144005,104,1,1,4,11,unroll_8,unroll,pipeline,4.25,0.5842905416326218,False
workload_134.cpp,xczu7ev-ffvc1156-2-e,5.0,993.536005,104,1,1,11,10,unroll_8,pipeline_1,pipeline,5.75,0.846391306763976,False
workload_135.cpp,xczu7ev-ffvc1156-2-e,5.0,993.536005,105,1,1,11,10,unroll_8,pipeline,unroll_16,5.75,0.846391306763976,False
workload_136.cpp,xczu7ev-ffvc1156-2-e,5.0,993.536005,105,1,1,11,10,unroll_8,pipeline,pipeline,5.75,0.846391306763976,False
workload_137.cpp,xczu7ev-ffvc1156-2-e,5.0,994.304005,64,1,1,3,3,unroll_2,pipeline,unroll_2,2.0,0.9094363567245302,False
workload_138.cpp,xczu7ev-ffvc1156-2-e,5.0,994.304005,67,1,1,3,3,unroll_2,pipeline,unroll_16,2.0,0.9094363567245302,False
workload_139.cpp,xczu7ev-ffvc1156-2-e,5.0,994.304005,66,1,1,3,3,unroll_2,pipeline,unroll_8,2.0,0.9094363567245302,False
workload_140.cpp,xczu7ev-ffvc1156-2-e,5.0,69.634275,82,1,2,9,11,pipeline_1,unroll,pipeline,5.75,1.0,True
workload_141.cpp,xczu7ev-ffvc1156-2-e,5.0,69.634275,78,1,2,9,11,pipeline,unroll,unroll_8,5.75,1.0,True
workload_142.cpp,xczu7ev-ffvc1156-2-e,5.0,994.304005,65,1,1,3,3,unroll_2,pipeline_1,unroll_16,2.0,0.9094363567245302,False
workload_143.cpp,xczu7ev-ffvc1156-2-e,5.0,993.408005,174,1,1,21,19,unroll_16,pipeline,unroll_16,10.5,0.6987940447247917,False
workload_144.cpp,xczu7ev-ffvc1156-2-e,5.0,993.408005,176,1,1,21,19,unroll_16,pipeline,unroll_2,10.5,0.6987940447247917,False
workload_145.cpp,xczu7ev-ffvc1156-2-e,5.0,7002.368005,88,1,1,5,10,unroll_8,unroll,unroll_2,4.25,0.1404844428782939,False
workload_146.cpp,xczu7ev-ffvc1156-2-e,5.0,417.79438,84,1,1,8,9,pipeline,pipeline,unroll_4,4.75,0.9409329236728641,False
workload_147.cpp,xczu7ev-ffvc1156-2-e,5.0,69.634275,77,1,2,9,11,pipeline_1,unroll,unroll_8,5.75,1.0,True
workload_148.cpp,xczu7ev-ffvc1156-2-e,5.0,69.634275,79,1,2,9,11,pipeline_1,unroll,unroll_2,5.75,1.0,True
workload_149.cpp,xczu7ev-ffvc1156-2-e,5.0,417.79438,87,1,1,8,9,pipeline_1,pipeline_1,unroll_8,4.75,0.9409329236728641,False
workload_150.cpp,xczu7ev-ffvc1156-2-e,5.0,3078.144005,146,1,1,7,23,unroll_16,unroll,pipeline,8.0,0.5373610717319987,False
workload_151.cpp,xczu7ev-ffvc1156-2-e,5.0,7002.368005,159,1,1,9,19,unroll_16,unroll,unroll_2,7.5,0.13712456999566697,False
workload_152.cpp,xczu7ev-ffvc1156-2-e,5.0,993.344005,323,1,1,42,36,unroll_32,pipeline,pipeline_1,20.0,0.42840807831900696,False
workload_153.cpp,xczu7ev-ffvc1156-2-e,5.0,2033.664005,791,1,1,30,89,unroll_64,unroll,pipeline_1,30.25,0.19167425453175482,False
workload_154.cpp,xczu7ev-ffvc1156-2-e,5.0,4892.928005,1269,1,1,31,51,unroll_16,unroll,unroll_8,21.0,0.1886358350928351,False
workload_157.cpp,xczu7ev-ffvc1156-2-e,5.0,7003.136005,57,1,1,1,3,unroll_2,unroll,unroll_2,1.5,0.14088209846719213,False
workload_158.cpp,xczu7ev-ffvc1156-2-e,5.0,3078.144005,59,1,1,1,3,unroll_2,unroll,pipeline,1.5,0.5927699608874458,False
workload_159.cpp,xczu7ev-ffvc1156-2-e,5.0,2033.664005,61,1,1,1,3,unroll_2,unroll,pipeline_1,1.5,1.0,True
workload_160.cpp,xczu7ev-ffvc1156-2-e,5.0,3078.144005,71,1,1,2,6,unroll_4,unroll,pipeline,2.5,0.5929447818964908,False
workload_161.cpp,xczu7ev-ffvc1156-2-e,5.0,69.634275,86,1,2,9,11,pipeline_1,unroll,pipeline_1,5.75,1.0,True
workload_162.cpp,xczu7ev-ffvc1156-2-e,5.0,417.79438,88,1,1,8,9,pipeline,pipeline,unroll_2,4.75,0.9409329236728641,False
workload_163.cpp,xczu7ev-ffvc1156-2-e,5.0,417.79438,89,1,1,8,9,pipeline_1,pipeline,unroll_8,4.75,0.9409329236728641,False
workload_164.cpp,xczu7ev-ffvc1156-2-e,5.0,417.79438,89,1,1,8,9,pipeline_1,pipeline,pipeline,4.75,0.9409329236728641,False
workload_165.cpp,xczu7ev-ffvc1156-2-e,5.0,417.79438,89,1,1,8,9,pipeline_1,pipeline,unroll_16,4.75,0.9409329236728641,False
workload_166.cpp,xczu7ev-ffvc1156-2-e,5.0,417.79438,91,1,1,8,9,pipeline,pipeline,unroll_16,4.75,0.9409329236728641,False
workload_167.cpp,xczu7ev-ffvc1156-2-e,5.0,993.536005,101,1,1,11,10,unroll_8,pipeline_1,unroll_16,5.75,0.846391306763976,False
workload_168.cpp,xczu7ev-ffvc1156-2-e,5.0,993.536005,102,1,1,11,10,unroll_8,pipeline_1,unroll_2,5.75,0.846391306763976,False
workload_169.cpp,xczu7ev-ffvc1156-2-e,5.0,3972.096005,102,1,1,7,14,unroll_2,unroll,unroll_16,5.75,0.4344951706618796,False
workload_170.cpp,xczu7ev-ffvc1156-2-e,5.0,993.536005,110,1,1,11,10,unroll_8,pipeline,unroll_2,5.75,0.846391306763976,False
workload_171.cpp,xczu7ev-ffvc1156-2-e,5.0,7002.624005,70,1,1,2,6,unroll_4,unroll,unroll_2,2.5,0.14101498986269703,False
workload_172.cpp,xczu7ev-ffvc1156-2-e,5.0,994.304005,63,1,1,3,3,unroll_2,pipeline,pipeline,2.0,0.9094363567245302,False
workload_173.cpp,xczu7ev-ffvc1156-2-e,5.0,993.536005,99,1,1,11,10,unroll_8,pipeline,unroll_4,5.75,0.846391306763976,False
workload_174.cpp,xczu7ev-ffvc1156-2-e,5.0,994.304005,60,1,1,3,3,unroll_2,pipeline_1,unroll_8,2.0,0.9094363567245302,False
workload_175.cpp,xczu7ev-ffvc1156-2-e,5.0,2033.664005,165,1,1,7,23,unroll_16,unroll,pipeline_1,8.0,0.6611406228057674,False
workload_176.cpp,xczu7ev-ffvc1156-2-e,5.0,993.792005,77,1,1,5,5,unroll_4,pipeline,unroll_16,3.0,0.9131981029955141,False
workload_177.cpp,xczu7ev-ffvc1156-2-e,5.0,993.536005,108,1,1,11,10,unroll_8,pipeline_1,unroll_8,5.75,0.846391306763976,False
workload_178.cpp,xczu7ev-ffvc1156-2-e,5.0,2033.664005,100,1,1,4,11,unroll_8,unroll,pipeline_1,4.25,0.7469037076548061,False
workload_179.cpp,xczu7ev-ffvc1156-2-e,5.0,417.79438,91,1,1,8,9,pipeline,pipeline,pipeline_1,4.75,0.9409329236728641,False
workload_180.cpp,xczu7ev-ffvc1156-2-e,5.0,417.79438,95,1,1,8,9,pipeline_1,pipeline,pipeline_1,4.75,0.9409329236728641,False
workload_181.cpp,xczu7ev-ffvc1156-2-e,5.0,979.968005,60,1,1,3,3,unroll_2,pipeline,unroll,2.0,1.0,True
workload_182.cpp,xczu7ev-ffvc1156-2-e,5.0,994.304005,59,1,1,3,3,unroll_2,pipeline,pipeline_1,2.0,0.9094363567245302,False
workload_183.cpp,xczu7ev-ffvc1156-2-e,5.0,69.634275,81,1,2,9,11,pipeline,unroll,unroll_2,5.75,1.0,True
workload_184.cpp,xczu7ev-ffvc1156-2-e,5.0,993.408005,153,1,1,21,19,unroll_16,pipeline_1,pipeline,10.5,0.6987940447247917,False
workload_185.cpp,xczu7ev-ffvc1156-2-e,5.0,993.344005,313,1,1,42,36,unroll_32,pipeline,unroll_2,20.0,0.42840807831900696,False
workload_186.cpp,xczu7ev-ffvc1156-2-e,5.0,993.408005,168,1,1,21,19,unroll_16,pipeline,unroll_4,10.5,0.6987940447247917,False
workload_187.cpp,xczu7ev-ffvc1156-2-e,5.0,979.008005,270,1,1,42,34,unroll_32,pipeline,unroll,19.5,0.44199494361022396,False
workload_188.cpp,xczu7ev-ffvc1156-2-e,5.0,993.344005,363,1,1,42,36,unroll_32,pipeline,unroll_16,20.0,0.42840807831900696,False
workload_189.cpp,xczu7ev-ffvc1156-2-e,5.0,4892.928005,327,1,1,15,27,unroll_8,unroll,unroll_8,11.0,0.28310091728901454,False
workload_190.cpp,xczu7ev-ffvc1156-2-e,5.0,501.763465,403,1,1,9,8,unroll_4,unroll,unroll,4.75,0.9314477364256241,False
workload_191.cpp,xczu7ev-ffvc1156-2-e,5.0,6736.128005,650,1,1,17,30,unroll_16,unroll,unroll_4,12.25,0.1395867981908373,False
workload_192.cpp,xczu7ev-ffvc1156-2-e,5.0,3971.328005,678,1,1,29,48,unroll_8,unroll,unroll_16,19.75,0.2591277064418876,False
workload_193.cpp,xczu7ev-ffvc1156-2-e,5.0,993.312005,991,1,1,85,70,unroll_64,pipeline,unroll_2,39.25,0.11705292024178306,False
workload_194.cpp,xczu7ev-ffvc1156-2-e,5.0,7002.144005,1744,1,1,38,69,unroll_64,unroll,unroll_2,27.25,0.10000000000000002,False
workload_197.cpp,xczu7ev-ffvc1156-2-e,5.0,6736.896005,66,1,1,2,5,unroll_2,unroll,unroll_4,2.25,0.15588756832308465,False
workload_198.cpp,xczu7ev-ffvc1156-2-e,5.0,993.792005,73,1,1,5,5,unroll_4,pipeline,pipeline_1,3.0,0.9131981029955141,False
workload_199.cpp,xczu7ev-ffvc1156-2-e,5.0,979.456005,76,1,1,5,5,unroll_4,pipeline,unroll,3.0,1.0,True
workload_200.cpp,xczu7ev-ffvc1156-2-e,5.0,69.634275,77,1,2,9,11,pipeline,unroll,unroll_16,5.75,1.0,True
workload_201.cpp,xczu7ev-ffvc1156-2-e,5.0,69.634275,78,1,2,9,11,pipeline,unroll,pipeline,5.75,1.0,True
workload_202.cpp,xczu7ev-ffvc1156-2-e,5.0,69.634275,86,1,2,9,11,pipeline_1,unroll,unroll_4,5.75,1.0,True
workload_203.cpp,xczu7ev-ffvc1156-2-e,5.0,6736.384005,86,1,1,4,9,unroll_4,unroll,unroll_4,3.75,0.15555136676657208,False
workload_204.cpp,xczu7ev-ffvc1156-2-e,5.0,417.79438,87,1,1,8,9,pipeline,pipeline,pipeline,4.75,0.9409329236728641,False
workload_205.cpp,xczu7ev-ffvc1156-2-e,5.0,417.79438,89,1,1,8,10,pipeline,pipeline,unroll,5.0,0.9338249067303229,False
workload_206.cpp,xczu7ev-ffvc1156-2-e,5.0,417.79438,89,1,1,8,9,pipeline_1,pipeline_1,unroll_16,4.75,0.9409329236728641,False
workload_207.cpp,xczu7ev-ffvc1156-2-e,5.0,417.79438,89,1,1,8,9,pipeline_1,pipeline,unroll_4,4.75,0.9409329236728641,False
workload_208.cpp,xczu7ev-ffvc1156-2-e,5.0,417.79438,93,1,1,8,9,pipeline,pipeline_1,unroll_8,4.75,0.9409329236728641,False
workload_209.cpp,xczu7ev-ffvc1156-2-e,5.0,417.79438,94,1,1,8,10,pipeline_1,pipeline_1,unroll,5.0,0.9338249067303229,False
workload_210.cpp,xczu7ev-ffvc1156-2-e,5.0,4893.184005,127,1,1,8,15,unroll_4,unroll,unroll_8,6.25,0.31337172337103225,False
workload_211.cpp,xczu7ev-ffvc1156-2-e,5.0,979.968005,61,1,1,3,3,unroll_2,pipeline_1,unroll,2.0,1.0,True
workload_212.cpp,xczu7ev-ffvc1156-2-e,5.0,994.304005,64,1,1,3,3,unroll_2,pipeline_1,unroll_4,2.0,0.9094363567245302,False
workload_213.cpp,xczu7ev-ffvc1156-2-e,5.0,69.634275,81,1,2,9,11,pipeline_1,unroll,unroll_16,5.75,1.0,True
workload_214.cpp,xczu7ev-ffvc1156-2-e,5.0,278.53092,82,1,1,6,6,pipeline_1,unroll,unroll,3.5,1.0,True
workload_215.cpp,xczu7ev-ffvc1156-2-e,5.0,417.79438,93,1,1,8,9,pipeline,pipeline,unroll_8,4.75,0.9409329236728641,False
workload_216.cpp,xczu7ev-ffvc1156-2-e,5.0,278.53092,76,1,1,6,6,pipeline,unroll,unroll,3.5,1.0,True
workload_217.cpp,xczu7ev-ffvc1156-2-e,5.0,993.792005,74,1,1,5,5,unroll_4,pipeline_1,unroll_4,3.0,0.9131981029955141,False
workload_218.cpp,xczu7ev-ffvc1156-2-e,5.0,979.072005,172,1,1,21,18,unroll_16,pipeline_1,unroll,10.25,0.7075902852170458,False
workload_219.cpp,xczu7ev-ffvc1156-2-e,5.0,993.408005,174,1,1,21,19,unroll_16,pipeline,unroll_8,10.5,0.6987940447247917,False
workload_220.cpp,xczu7ev-ffvc1156-2-e,5.0,993.408005,174,1,1,21,19,unroll_16,pipeline_1,unroll_16,10.5,0.6987940447247917,False
workload_221.cpp,xczu7ev-ffvc1156-2-e,5.0,417.79438,91,1,1,8,9,pipeline,pipeline_1,unroll_2,4.75,0.9409329236728641,False
workload_222.cpp,xczu7ev-ffvc1156-2-e,5.0,617.473765,127,1,1,6,5,unroll_2,unroll,unroll,3.25,1.0,True
workload_223.cpp,xczu7ev-ffvc1156-2-e,5.0,417.79438,90,1,1,8,9,pipeline_1,pipeline_1,unroll_2,4.75,0.9409329236728641,False
workload_224.cpp,xczu7ev-ffvc1156-2-e,5.0,979.072005,172,1,1,21,18,unroll_16,pipeline,unroll,10.25,0.7075902852170458,False
workload_225.cpp,xczu7ev-ffvc1156-2-e,5.0,3971.584005,197,1,1,15,26,unroll_4,unroll,unroll_16,10.75,0.38507264824563303,False
workload_226.cpp,xczu7ev-ffvc1156-2-e,5.0,993.344005,327,1,1,42,36,unroll_32,pipeline,unroll_4,20.0,0.42840807831900696,False
workload_227.cpp,xczu7ev-ffvc1156-2-e,5.0,2033.664005,301,1,1,15,45,unroll_32,unroll,pipeline_1,15.5,0.469486150984991,False
workload_228.cpp,xczu7ev-ffvc1156-2-e,5.0,825.856035,505,1,1,10,10,unroll_8,unroll,unroll,5.5,0.8723263195981028,False
workload_229.cpp,xczu7ev-ffvc1156-2-e,5.0,6735.936005,3489,1,1,34,57,unroll_32,unroll,unroll_4,23.25,0.1068501172650237,False
workload_231.cpp,xczu7ev-ffvc1156-2-e,5.0,994.304005,56,1,1,3,3,unroll_2,pipeline_1,pipeline,2.0,0.9094363567245302,False
workload_232.cpp,xczu7ev-ffvc1156-2-e,5.0,994.304005,64,1,1,3,3,unroll_2,pipeline_1,unroll_2,2.0,0.9094363567245302,False
workload_233.cpp,xczu7ev-ffvc1156-2-e,5.0,994.304005,64,1,1,3,3,unroll_2,pipeline_1,pipeline_1,2.0,0.9094363567245302,False
workload_234.cpp,xczu7ev-ffvc1156-2-e,5.0,993.792005,68,1,1,5,5,unroll_4,pipeline_1,unroll_8,3.0,0.9131981029955141,False
workload_235.cpp,xczu7ev-ffvc1156-2-e,5.0,993.792005,68,1,1,5,5,unroll_4,pipeline_1,unroll_2,3.0,0.9131981029955141,False
workload_236.cpp,xczu7ev-ffvc1156-2-e,5.0,993.792005,75,1,1,5,5,unroll_4,pipeline_1,unroll_16,3.0,0.9131981029955141,False
workload_237.cpp,xczu7ev-ffvc1156-2-e,5.0,979.456005,75,1,1,5,5,unroll_4,pipeline_1,unroll,3.0,1.0,True
workload_238.cpp,xczu7ev-ffvc1156-2-e,5.0,993.792005,76,1,1,5,5,unroll_4,pipeline_1,pipeline_1,3.0,0.9131981029955141,False
workload_239.cpp,xczu7ev-ffvc1156-2-e,5.0,417.79438,79,1,1,8,9,pipeline,pipeline_1,unroll_16,4.75,0.9409329236728641,False
workload_240.cpp,xczu7ev-ffvc1156-2-e,5.0,417.79438,79,1,1,8,9,pipeline,pipeline_1,unroll_4,4.75,0.9409329236728641,False
workload_241.cpp,xczu7ev-ffvc1156-2-e,5.0,417.79438,80,1,1,8,10,pipeline,pipeline_1,unroll,5.0,0.9338249067303229,False
workload_242.cpp,xczu7ev-ffvc1156-2-e,5.0,417.79438,80,1,1,8,9,pipeline_1,pipeline_1,unroll_4,4.75,0.9409329236728641,False
workload_243.cpp,xczu7ev-ffvc1156-2-e,5.0,417.79438,87,1,1,8,9,pipeline,pipeline_1,pipeline_1,4.75,0.9409329236728641,False
workload_244.cpp,xczu7ev-ffvc1156-2-e,5.0,417.79438,90,1,1,8,9,pipeline_1,pipeline_1,pipeline_1,4.75,0.9409329236728641,False
workload_245.cpp,xczu7ev-ffvc1156-2-e,5.0,993.792005,64,1,1,5,5,unroll_4,pipeline,pipeline,3.0,0.9131981029955141,False
workload_246.cpp,xczu7ev-ffvc1156-2-e,5.0,417.79438,76,1,1,8,9,pipeline_1,pipeline_1,pipeline,4.75,0.9409329236728641,False
workload_247.cpp,xczu7ev-ffvc1156-2-e,5.0,993.536005,88,1,1,11,10,unroll_8,pipeline_1,pipeline_1,5.75,0.846391306763976,False
workload_248.cpp,xczu7ev-ffvc1156-2-e,5.0,993.792005,62,1,1,5,5,unroll_4,pipeline_1,pipeline,3.0,0.9131981029955141,False
workload_249.cpp,xczu7ev-ffvc1156-2-e,5.0,417.79438,75,1,1,8,9,pipeline,pipeline_1,pipeline,4.75,0.9409329236728641,False
workload_250.cpp,xczu7ev-ffvc1156-2-e,5.0,979.200005,83,1,1,10,10,unroll_8,pipeline,unroll,5.5,0.8554636643210244,False
workload_251.cpp,xczu7ev-ffvc1156-2-e,5.0,993.536005,84,1,1,11,10,unroll_8,pipeline_1,unroll_4,5.75,0.846391306763976,False
workload_252.cpp,xczu7ev-ffvc1156-2-e,5.0,979.200005,82,1,1,10,10,unroll_8,pipeline_1,unroll,5.5,0.8554636643210244,False
workload_253.cpp,xczu7ev-ffvc1156-2-e,3.33,2794.08845133,83,1,1,1,3,unroll_2,unroll,pipeline,1.5,0.5554087855187126,False
workload_254.cpp,xczu7ev-ffvc1156-2-e,3.33,808.15104333,86,1,1,3,3,unroll_2,pipeline,pipeline,2.0,0.902191222665296,False
workload_255.cpp,xczu7ev-ffvc1156-2-e,3.33,2793.74745933,95,1,1,2,6,unroll_4,unroll,pipeline,2.5,0.5559903302834132,False
workload_256.cpp,xczu7ev-ffvc1156-2-e,3.33,46.37681343,108,1,2,10,11,pipeline_1,unroll,pipeline,6.0,1.0,True
workload_257.cpp,xczu7ev-ffvc1156-2-e,3.33,278.25141672,113,1,1,8,9,pipeline_1,pipeline_1,unroll_4,4.75,0.9602507906526371,False
workload_258.cpp,xczu7ev-ffvc1156-2-e,3.33,278.25141672,124,1,1,9,10,pipeline_1,pipeline_1,unroll,5.25,0.9469542307528435,False
workload_259.cpp,xczu7ev-ffvc1156-2-e,3.33,278.25141672,124,1,1,8,9,pipeline,pipeline_1,unroll_4,4.75,0.9602507906526371,False
workload_260.cpp,xczu7ev-ffvc1156-2-e,3.33,278.25141672,126,1,1,8,9,pipeline_1,pipeline,unroll_8,4.75,0.9602507906526371,False
workload_261.cpp,xczu7ev-ffvc1156-2-e,3.33,807.8100513300001,129,1,1,6,5,unroll_4,pipeline,unroll_4,3.25,0.9048922508766151,False
workload_262.cpp,xczu7ev-ffvc1156-2-e,3.33,278.25141672,131,1,1,8,9,pipeline,pipeline,unroll_16,4.75,0.9602507906526371,False
workload_263.cpp,xczu7ev-ffvc1156-2-e,3.33,807.63955533,146,1,1,11,10,unroll_8,pipeline_1,unroll_4,5.75,0.8496039207314376,False
workload_264.cpp,xczu7ev-ffvc1156-2-e,3.33,278.25141672,164,1,1,8,9,pipeline,pipeline_1,unroll_16,4.75,0.9602507906526371,False
workload_265.cpp,xczu7ev-ffvc1156-2-e,3.33,807.8100513300001,126,1,1,6,5,unroll_4,pipeline,unroll_2,3.25,0.9048922508766151,False
workload_266.cpp,xczu7ev-ffvc1156-2-e,3.33,807.55430733,229,1,1,22,20,unroll_16,pipeline_1,unroll_2,11.0,0.6996797892732285,False
workload_267.cpp,xczu7ev-ffvc1156-2-e,3.33,185.50199232,138,1,1,7,7,pipeline_1,unroll,unroll,4.0,1.0,True
workload_268.cpp,xczu7ev-ffvc1156-2-e,3.33,46.37681343,145,1,2,10,11,pipeline,unroll,unroll_2,6.0,1.0,True
workload_269.cpp,xczu7ev-ffvc1156-2-e,3.33,807.55430733,278,1,1,22,20,unroll_16,pipeline,pipeline_1,11.0,0.6996797892732285,False
workload_270.cpp,xczu7ev-ffvc1156-2-e,3.33,2793.49171533,279,1,1,8,25,unroll_16,unroll,pipeline,8.75,0.49965345323936294,False
workload_271.cpp,xczu7ev-ffvc1156-2-e,3.33,2793.57696333,190,1,1,4,12,unroll_8,unroll,pipeline,4.5,0.5477139374867577,False
workload_272.cpp,xczu7ev-ffvc1156-2-e,3.33,485.57378349,179,1,1,6,5,unroll_2,unroll,unroll,3.25,1.0,True
workload_273.cpp,xczu7ev-ffvc1156-2-e,3.33,807.63955533,185,1,1,11,10,unroll_8,pipeline_1,pipeline_1,5.75,0.8496039207314376,False
workload_274.cpp,xczu7ev-ffvc1156-2-e,3.33,807.55430733,234,1,1,22,20,unroll_16,pipeline_1,unroll_16,11.0,0.6996797892732285,False
workload_275.cpp,xczu7ev-ffvc1156-2-e,3.33,807.63955533,177,1,1,11,10,unroll_8,pipeline,unroll_2,5.75,0.8496039207314376,False
workload_276.cpp,xczu7ev-ffvc1156-2-e,3.33,807.63955533,156,1,1,11,10,unroll_8,pipeline,unroll_16,5.75,0.8496039207314376,False
workload_277.cpp,xczu7ev-ffvc1156-2-e,3.33,46.37681343,121,1,2,10,11,pipeline_1,unroll,unroll_4,6.0,1.0,True
workload_278.cpp,xczu7ev-ffvc1156-2-e,3.33,46.37681343,110,1,2,10,11,pipeline,unroll,unroll_8,6.0,1.0,True
workload_279.cpp,xczu7ev-ffvc1156-2-e,3.33,1865.99347533,221,1,1,8,24,unroll_16,unroll,pipeline_1,8.5,0.6335761545789707,False
workload_280.cpp,xczu7ev-ffvc1156-2-e,3.33,371.68358769,527,1,1,9,7,unroll_4,unroll,unroll,4.5,0.9519333031619193,False
workload_281.cpp,xczu7ev-ffvc1156-2-e,3.33,550.3611113100001,731,1,1,11,10,unroll_8,unroll,unroll,5.75,0.8849133373434569,False
workload_282.cpp,xczu7ev-ffvc1156-2-e,3.33,2793.42777933,1154,1,1,30,95,unroll_64,unroll,pipeline,31.75,0.15036212910237318,False
workload_283.cpp,xczu7ev-ffvc1156-2-e,3.33,807.49037133,1259,1,1,90,74,unroll_64,pipeline,unroll_4,41.5,0.11274211042707963,False
workload_284.cpp,xczu7ev-ffvc1156-2-e,3.33,807.49037133,1232,1,1,90,74,unroll_64,pipeline_1,pipeline,41.5,0.11274211042707963,False
workload_285.cpp,xczu7ev-ffvc1156-2-e,3.33,807.49037133,1290,1,1,90,74,unroll_64,pipeline_1,unroll_4,41.5,0.11274211042707963,False
workload_286.cpp,xczu7ev-ffvc1156-2-e,3.33,807.49037133,1316,1,1,90,74,unroll_64,pipeline_1,unroll_16,41.5,0.11274211042707963,False
workload_289.cpp,xczu7ev-ffvc1156-2-e,3.33,808.15104333,80,1,1,3,3,unroll_2,pipeline_1,unroll_2,2.0,0.902191222665296,False
workload_290.cpp,xczu7ev-ffvc1156-2-e,3.33,798.60326733,84,1,1,3,3,unroll_2,pipeline,unroll,2.0,1.0,True
workload_291.cpp,xczu7ev-ffvc1156-2-e,3.33,808.15104333,90,1,1,3,3,unroll_2,pipeline,unroll_2,2.0,0.902191222665296,False
workload_292.cpp,xczu7ev-ffvc1156-2-e,3.33,5954.40230733,92,1,1,1,4,unroll_2,unroll,unroll_2,1.75,0.13616793506023384,False
workload_293.cpp,xczu7ev-ffvc1156-2-e,3.33,807.8100513300001,105,1,1,6,5,unroll_4,pipeline_1,pipeline,3.25,0.9048922508766151,False
workload_294.cpp,xczu7ev-ffvc1156-2-e,3.33,46.37681343,108,1,2,10,11,pipeline,unroll,unroll_4,6.0,1.0,True
workload_295.cpp,xczu7ev-ffvc1156-2-e,3.33,278.25142005000004,112,1,1,8,9,pipeline,pipeline,unroll_2,4.75,0.9602507899181626,False
workload_296.cpp,xczu7ev-ffvc1156-2-e,3.33,278.25141672,125,1,1,8,9,pipeline_1,pipeline_1,pipeline,4.75,0.9602507906526371,False
workload_297.cpp,xczu7ev-ffvc1156-2-e,3.33,807.8100513300001,129,1,1,6,5,unroll_4,pipeline,unroll_8,3.25,0.9048922508766151,False
workload_298.cpp,xczu7ev-ffvc1156-2-e,3.33,278.25141672,135,1,1,8,9,pipeline,pipeline,unroll_4,4.75,0.9602507906526371,False
workload_299.cpp,xczu7ev-ffvc1156-2-e,3.33,1866.24921933,135,1,1,2,6,unroll_4,unroll,pipeline_1,2.5,0.751294933352813,False
workload_300.cpp,xczu7ev-ffvc1156-2-e,3.33,807.63955533,157,1,1,11,10,unroll_8,pipeline,pipeline,5.75,0.8496039207314376,False
workload_301.cpp,xczu7ev-ffvc1156-2-e,3.33,798.09177933,166,1,1,11,10,unroll_8,pipeline_1,unroll,5.75,0.8509259471936723,False
workload_302.cpp,xczu7ev-ffvc1156-2-e,3.33,3526.53926733,183,1,1,7,14,unroll_2,unroll,unroll_16,5.75,0.40761897630237887,False
workload_303.cpp,xczu7ev-ffvc1156-2-e,3.33,5777.08646733,97,1,1,2,5,unroll_2,unroll,unroll_4,2.25,0.14735421858344352,False
workload_304.cpp,xczu7ev-ffvc1156-2-e,3.33,278.25141672,126,1,1,8,9,pipeline,pipeline,unroll_8,4.75,0.9602507906526371,False
workload_305.cpp,xczu7ev-ffvc1156-2-e,3.33,807.55430733,266,1,1,22,20,unroll_16,pipeline_1,pipeline,11.0,0.6996797892732285,False
workload_306.cpp,xczu7ev-ffvc1156-2-e,3.33,807.55430733,270,1,1,22,20,unroll_16,pipeline,unroll_4,11.0,0.6996797892732285,False
workload_307.cpp,xczu7ev-ffvc1156-2-e,3.33,278.25141672,158,1,1,9,10,pipeline_1,pipeline,unroll,5.25,0.9469542307528435,False
workload_308.cpp,xczu7ev-ffvc1156-2-e,3.33,807.63955533,168,1,1,11,10,unroll_8,pipeline,unroll_4,5.75,0.8496039207314376,False
workload_309.cpp,xczu7ev-ffvc1156-2-e,3.33,807.8100513300001,152,1,1,6,5,unroll_4,pipeline,unroll_16,3.25,0.9048922508766151,False
workload_310.cpp,xczu7ev-ffvc1156-2-e,3.33,798.00653133,286,1,1,22,19,unroll_16,pipeline_1,unroll,10.75,0.7079096931608772,False
workload_311.cpp,xczu7ev-ffvc1156-2-e,3.33,5776.57497933,290,1,1,9,16,unroll_8,unroll,unroll_4,6.75,0.1446399056065159,False
workload_312.cpp,xczu7ev-ffvc1156-2-e,3.33,798.09177933,170,1,1,11,10,unroll_8,pipeline,unroll,5.75,0.8509259471936723,False
workload_313.cpp,xczu7ev-ffvc1156-2-e,3.33,807.8100513300001,118,1,1,6,5,unroll_4,pipeline_1,unroll_16,3.25,0.9048922508766151,False
workload_314.cpp,xczu7ev-ffvc1156-2-e,3.33,5954.06131533,106,1,1,2,6,unroll_4,unroll,unroll_2,2.5,0.13627012366500288,False
workload_315.cpp,xczu7ev-ffvc1156-2-e,3.33,807.55430733,270,1,1,22,20,unroll_16,pipeline,unroll_16,11.0,0.6996797892732285,False
workload_316.cpp,xczu7ev-ffvc1156-2-e,3.33,46.37681343,142,1,2,10,11,pipeline_1,unroll,pipeline_1,6.0,1.0,True
workload_317.cpp,xczu7ev-ffvc1156-2-e,3.33,798.00653133,232,1,1,22,19,unroll_16,pipeline,unroll,10.75,0.7079096931608772,False
workload_318.cpp,xczu7ev-ffvc1156-2-e,3.33,4276.38067533,171,1,1,8,15,unroll_4,unroll,unroll_8,6.25,0.2937781452249184,False
workload_319.cpp,xczu7ev-ffvc1156-2-e,3.33,807.5116833300001,465,1,1,45,38,unroll_32,pipeline_1,unroll_16,21.25,0.418412059415329,False
workload_320.cpp,xczu7ev-ffvc1156-2-e,3.33,807.5116833300001,490,1,1,45,38,unroll_32,pipeline,pipeline_1,21.25,0.418412059415329,False
workload_321.cpp,xczu7ev-ffvc1156-2-e,3.33,797.94259533,834,1,1,89,71,unroll_64,pipeline_1,unroll,40.5,0.1183840679162581,False
workload_322.cpp,xczu7ev-ffvc1156-2-e,3.33,3526.02777933,1096,1,1,30,48,unroll_8,unroll,unroll_16,20.0,0.2508076681695163,False
workload_323.cpp,xczu7ev-ffvc1156-2-e,3.33,807.49037133,1247,1,1,90,74,unroll_64,pipeline,unroll_16,41.5,0.11274211042707963,False
workload_329.cpp,xczu7ev-ffvc1156-2-e,3.33,808.15104333,92,1,1,3,3,unroll_2,pipeline_1,unroll_16,2.0,0.902191222665296,False
workload_330.cpp,xczu7ev-ffvc1156-2-e,3.33,808.15104333,92,1,1,3,3,unroll_2,pipeline,unroll_16,2.0,0.902191222665296,False
workload_331.cpp,xczu7ev-ffvc1156-2-e,3.33,808.15104333,93,1,1,3,3,unroll_2,pipeline_1,pipeline,2.0,0.902191222665296,False
workload_332.cpp,xczu7ev-ffvc1156-2-e,3.33,46.37681343,126,1,2,10,11,pipeline,unroll,unroll_16,6.0,1.0,True
workload_333.cpp,xczu7ev-ffvc1156-2-e,3.33,798.60326733,126,1,1,3,3,unroll_2,pipeline_1,unroll,2.0,1.0,True
workload_334.cpp,xczu7ev-ffvc1156-2-e,3.33,46.37681343,130,1,2,10,11,pipeline,unroll,pipeline_1,6.0,1.0,True
workload_335.cpp,xczu7ev-ffvc1156-2-e,3.33,807.8100513300001,133,1,1,6,5,unroll_4,pipeline_1,unroll_2,3.25,0.9048922508766151,False
workload_336.cpp,xczu7ev-ffvc1156-2-e,3.33,278.25141672,142,1,1,8,9,pipeline_1,pipeline,unroll_4,4.75,0.9602507906526371,False
workload_337.cpp,xczu7ev-ffvc1156-2-e,3.33,46.37681343,144,1,2,10,11,pipeline_1,unroll,unroll_2,6.0,1.0,True
workload_338.cpp,xczu7ev-ffvc1156-2-e,3.33,46.37681343,147,1,2,10,11,pipeline,unroll,pipeline,6.0,1.0,True
workload_339.cpp,xczu7ev-ffvc1156-2-e,3.33,278.25141672,154,1,1,9,10,pipeline,pipeline,unroll,5.25,0.9469542307528435,False
workload_340.cpp,xczu7ev-ffvc1156-2-e,3.33,5776.74547533,158,1,1,4,9,unroll_4,unroll,unroll_4,3.75,0.1471537739607706,False
workload_341.cpp,xczu7ev-ffvc1156-2-e,3.33,807.8100513300001,161,1,1,6,5,unroll_4,pipeline,pipeline,3.25,0.9048922508766151,False
workload_342.cpp,xczu7ev-ffvc1156-2-e,3.33,278.25142005000004,161,1,1,8,9,pipeline_1,pipeline_1,unroll_2,4.75,0.9602507899181626,False
workload_343.cpp,xczu7ev-ffvc1156-2-e,3.33,807.8100513300001,162,1,1,6,5,unroll_4,pipeline_1,unroll_4,3.25,0.9048922508766151,False
workload_344.cpp,xczu7ev-ffvc1156-2-e,3.33,278.25141672,164,1,1,8,9,pipeline_1,pipeline_1,pipeline_1,4.75,0.9602507906526371,False
workload_345.cpp,xczu7ev-ffvc1156-2-e,3.33,278.25141672,174,1,1,8,9,pipeline,pipeline,pipeline_1,4.75,0.9602507906526371,False
workload_346.cpp,xczu7ev-ffvc1156-2-e,3.33,278.25142005000004,174,1,1,8,9,pipeline_1,pipeline,unroll_2,4.75,0.9602507899181626,False
workload_347.cpp,xczu7ev-ffvc1156-2-e,3.33,46.37681343,104,1,2,10,11,pipeline_1,unroll,unroll_8,6.0,1.0,True
workload_348.cpp,xczu7ev-ffvc1156-2-e,3.33,278.25141672,147,1,1,8,9,pipeline_1,pipeline_1,unroll_16,4.75,0.9602507906526371,False
workload_349.cpp,xczu7ev-ffvc1156-2-e,3.33,278.25142005000004,152,1,1,8,9,pipeline,pipeline_1,unroll_2,4.75,0.9602507899181626,False
workload_350.cpp,xczu7ev-ffvc1156-2-e,3.33,1866.59021133,101,1,1,1,3,unroll_2,unroll,pipeline_1,1.5,1.0,True
workload_351.cpp,xczu7ev-ffvc1156-2-e,3.33,798.2622753300001,114,1,1,5,5,unroll_4,pipeline_1,unroll,3.0,1.0,True
workload_352.cpp,xczu7ev-ffvc1156-2-e,3.33,278.25141672,134,1,1,9,10,pipeline,pipeline_1,unroll,5.25,0.9469542307528435,False
workload_353.cpp,xczu7ev-ffvc1156-2-e,3.33,807.8100513300001,107,1,1,6,5,unroll_4,pipeline,pipeline_1,3.25,0.9048922508766151,False
workload_354.cpp,xczu7ev-ffvc1156-2-e,3.33,4276.72166733,116,1,1,4,8,unroll_2,unroll,unroll_8,3.5,0.30020238719588127,False
workload_355.cpp,xczu7ev-ffvc1156-2-e,3.33,278.25141672,139,1,1,8,9,pipeline,pipeline_1,unroll_8,4.75,0.9602507906526371,False
workload_356.cpp,xczu7ev-ffvc1156-2-e,3.33,278.25141672,127,1,1,8,9,pipeline,pipeline,pipeline,4.75,0.9602507906526371,False
workload_357.cpp,xczu7ev-ffvc1156-2-e,3.33,278.25141672,146,1,1,8,9,pipeline_1,pipeline,pipeline,4.75,0.9602507906526371,False
workload_358.cpp,xczu7ev-ffvc1156-2-e,3.33,807.63955533,162,1,1,11,10,unroll_8,pipeline_1,pipeline,5.75,0.8496039207314376,False
workload_359.cpp,xczu7ev-ffvc1156-2-e,3.33,807.55430733,264,1,1,22,20,unroll_16,pipeline_1,pipeline_1,11.0,0.6996797892732285,False
workload_360.cpp,xczu7ev-ffvc1156-2-e,3.33,3526.19827533,318,1,1,15,26,unroll_4,unroll,unroll_16,10.75,0.3656473777389123,False
workload_361.cpp,xczu7ev-ffvc1156-2-e,3.33,4276.21017933,469,1,1,16,27,unroll_8,unroll,unroll_8,11.25,0.2662998423431445,False
workload_362.cpp,xczu7ev-ffvc1156-2-e,3.33,5776.48973133,915,1,1,17,30,unroll_16,unroll,unroll_4,12.25,0.1339858246164707,False
workload_363.cpp,xczu7ev-ffvc1156-2-e,3.33,797.94259533,798,1,1,89,71,unroll_64,pipeline,unroll,40.5,0.1183840679162581,False
workload_364.cpp,xczu7ev-ffvc1156-2-e,3.33,807.49037133,1237,1,1,90,74,unroll_64,pipeline_1,unroll_2,41.5,0.11274211042707963,False
workload_365.cpp,xczu7ev-ffvc1156-2-e,3.33,5953.74163533,2338,1,1,39,69,unroll_64,unroll,unroll_2,27.5,0.10000000000000002,False
workload_366.cpp,xczu7ev-ffvc1156-2-e,3.33,808.15104333,64,1,1,3,3,unroll_2,pipeline_1,unroll_4,2.0,0.902191222665296,False
workload_367.cpp,xczu7ev-ffvc1156-2-e,3.33,808.15104333,65,1,1,3,3,unroll_2,pipeline,pipeline_1,2.0,0.902191222665296,False
workload_368.cpp,xczu7ev-ffvc1156-2-e,3.33,808.15104333,68,1,1,3,3,unroll_2,pipeline,unroll_8,2.0,0.902191222665296,False
workload_369.cpp,xczu7ev-ffvc1156-2-e,3.33,808.15104333,69,1,1,3,3,unroll_2,pipeline,unroll_4,2.0,0.902191222665296,False
workload_370.cpp,xczu7ev-ffvc1156-2-e,3.33,808.15104333,69,1,1,3,3,unroll_2,pipeline_1,unroll_8,2.0,0.902191222665296,False
workload_371.cpp,xczu7ev-ffvc1156-2-e,3.33,808.15104333,70,1,1,3,3,unroll_2,pipeline_1,pipeline_1,2.0,0.902191222665296,False
workload_372.cpp,xczu7ev-ffvc1156-2-e,3.33,807.8100513300001,80,1,1,6,5,unroll_4,pipeline_1,pipeline_1,3.25,0.9048922508766151,False
workload_373.cpp,xczu7ev-ffvc1156-2-e,3.33,798.2622753300001,84,1,1,5,5,unroll_4,pipeline,unroll,3.0,1.0,True
workload_374.cpp,xczu7ev-ffvc1156-2-e,3.33,807.8100513300001,85,1,1,6,5,unroll_4,pipeline_1,unroll_8,3.25,0.9048922508766151,False
workload_375.cpp,xczu7ev-ffvc1156-2-e,3.33,185.50199232,85,1,1,7,7,pipeline,unroll,unroll,4.0,1.0,True
workload_376.cpp,xczu7ev-ffvc1156-2-e,3.33,46.37681343,91,1,2,10,11,pipeline_1,unroll,unroll_16,6.0,1.0,True
workload_377.cpp,xczu7ev-ffvc1156-2-e,3.33,278.25141672,94,1,1,8,9,pipeline_1,pipeline,unroll_16,4.75,0.9602507906526371,False
workload_378.cpp,xczu7ev-ffvc1156-2-e,3.33,278.25141672,94,1,1,8,9,pipeline_1,pipeline,pipeline_1,4.75,0.9602507906526371,False
workload_379.cpp,xczu7ev-ffvc1156-2-e,3.33,278.25141672,95,1,1,8,9,pipeline,pipeline_1,pipeline,4.75,0.9602507906526371,False
workload_380.cpp,xczu7ev-ffvc1156-2-e,3.33,278.25141672,95,1,1,8,9,pipeline,pipeline_1,pipeline_1,4.75,0.9602507906526371,False
workload_381.cpp,xczu7ev-ffvc1156-2-e,3.33,807.63955533,115,1,1,11,10,unroll_8,pipeline,unroll_8,5.75,0.8496039207314376,False
workload_382.cpp,xczu7ev-ffvc1156-2-e,3.33,807.63955533,115,1,1,11,10,unroll_8,pipeline_1,unroll_8,5.75,0.8496039207314376,False
workload_383.cpp,xczu7ev-ffvc1156-2-e,3.33,278.25141672,75,1,1,8,9,pipeline_1,pipeline_1,unroll_8,4.75,0.9602507906526371,False
workload_384.cpp,xczu7ev-ffvc1156-2-e,3.33,807.63955533,86,1,1,11,10,unroll_8,pipeline_1,unroll_16,5.75,0.8496039207314376,False
workload_385.cpp,xczu7ev-ffvc1156-2-e,3.33,1866.07872333,82,1,1,4,12,unroll_8,unroll,pipeline_1,4.5,0.7168217387304194,False
workload_386.cpp,xczu7ev-ffvc1156-2-e,3.33,5953.89081933,83,1,1,5,10,unroll_8,unroll,unroll_2,4.25,0.13589077786833426,False
workload_387.cpp,xczu7ev-ffvc1156-2-e,3.33,807.63955533,90,1,1,11,10,unroll_8,pipeline,pipeline_1,5.75,0.8496039207314376,False
workload_388.cpp,xcu200-fsgd2104-2-e,10.0,1251.32801,56,1,1,1,1,unroll_2,pipeline,unroll_4,1.0,0.796135814569341,False
workload_389.cpp,xcu200-fsgd2104-2-e,10.0,1250.30401,63,1,1,1,1,unroll_4,pipeline,unroll_4,1.0,0.796311508880489,False
workload_390.cpp,xcu200-fsgd2104-2-e,10.0,1250.30401,65,1,1,1,1,unroll_4,pipeline,unroll_8,1.0,0.796311508880489,False
workload_391.cpp,xcu200-fsgd2104-2-e,10.0,1794.04801,67,1,1,1,1,unroll_4,unroll,pipeline_1,1.0,0.7061372724225343,False
workload_392.cpp,xcu200-fsgd2104-2-e,10.0,4818.94401,73,1,1,1,1,unroll_2,unroll,unroll_8,1.0,0.31859901466935137,False
workload_393.cpp,xcu200-fsgd2104-2-e,10.0,1250.30401,73,1,1,1,1,unroll_4,pipeline,unroll_2,1.0,0.796311508880489,False
workload_394.cpp,xcu200-fsgd2104-2-e,10.0,139.26672,75,1,1,1,1,pipeline,unroll,unroll_4,1.0,1.0,True
workload_395.cpp,xcu200-fsgd2104-2-e,10.0,139.26672,76,1,1,1,1,pipeline,unroll,pipeline_1,1.0,1.0,True
workload_396.cpp,xcu200-fsgd2104-2-e,10.0,1249.79201,81,1,1,1,1,unroll_8,pipeline_1,pipeline,1.0,0.7963993643492565,False
workload_397.cpp,xcu200-fsgd2104-2-e,10.0,1249.79201,81,1,1,1,1,unroll_8,pipeline,pipeline_1,1.0,0.7963993643492565,False
workload_398.cpp,xcu200-fsgd2104-2-e,10.0,835.58495,84,1,1,1,1,pipeline_1,pipeline,unroll_2,1.0,0.8692901199236743,False
workload_399.cpp,xcu200-fsgd2104-2-e,10.0,835.58494,85,1,1,1,1,pipeline_1,pipeline,unroll,1.0,0.8692901217272252,False
workload_400.cpp,xcu200-fsgd2104-2-e,10.0,1814.52801,89,1,1,1,2,unroll_8,unroll,pipeline,1.25,0.6988415534492545,False
workload_401.cpp,xcu200-fsgd2104-2-e,10.0,1249.79201,89,1,1,1,1,unroll_8,pipeline,unroll_16,1.0,0.7963993643492565,False
workload_402.cpp,xcu200-fsgd2104-2-e,10.0,1249.79201,89,1,1,1,1,unroll_8,pipeline,pipeline,1.0,0.7963993643492565,False
workload_403.cpp,xcu200-fsgd2104-2-e,10.0,1251.32801,57,1,1,1,1,unroll_2,pipeline,unroll_2,1.0,0.796135814569341,False
workload_404.cpp,xcu200-fsgd2104-2-e,10.0,1249.53601,124,1,1,3,2,unroll_16,pipeline,unroll_2,1.75,0.7453067519491258,False
workload_405.cpp,xcu200-fsgd2104-2-e,10.0,1251.32801,55,1,1,1,1,unroll_2,pipeline,unroll_8,1.0,0.796135814569341,False
workload_406.cpp,xcu200-fsgd2104-2-e,10.0,139.26672,69,1,1,1,1,pipeline_1,unroll,pipeline,1.0,1.0,True
workload_407.cpp,xcu200-fsgd2104-2-e,10.0,1249.53601,132,1,1,3,2,unroll_16,pipeline,unroll_16,1.75,0.7453067519491258,False
workload_408.cpp,xcu200-fsgd2104-2-e,10.0,1251.32801,60,1,1,1,1,unroll_2,pipeline,unroll_16,1.0,0.796135814569341,False
workload_409.cpp,xcu200-fsgd2104-2-e,10.0,1251.32801,58,1,1,1,1,unroll_2,pipeline_1,unroll_16,1.0,0.796135814569341,False
workload_410.cpp,xcu200-fsgd2104-2-e,10.0,139.26672,77,1,1,1,1,pipeline,unroll,unroll_8,1.0,1.0,True
workload_411.cpp,xcu200-fsgd2104-2-e,10.0,835.58494,76,1,1,1,1,pipeline,pipeline,unroll_4,1.0,0.8692901217272252,False
workload_412.cpp,xcu200-fsgd2104-2-e,10.0,139.26672,70,1,1,1,1,pipeline_1,unroll,unroll_2,1.0,1.0,True
workload_413.cpp,xcu200-fsgd2104-2-e,10.0,7725.56801,79,1,1,1,2,unroll_8,unroll,unroll_2,1.25,0.12826648908440522,False
workload_414.cpp,xcu200-fsgd2104-2-e,10.0,139.26672,74,1,1,1,1,pipeline_1,unroll,unroll_8,1.0,1.0,True
workload_415.cpp,xcu200-fsgd2104-2-e,10.0,835.58494,83,1,1,1,1,pipeline_1,pipeline_1,unroll_8,1.0,0.8692901217272252,False
workload_416.cpp,xcu200-fsgd2104-2-e,10.0,1814.52801,124,1,1,1,4,unroll_16,unroll,pipeline,1.75,0.6690271937055757,False
workload_417.cpp,xcu200-fsgd2104-2-e,10.0,7725.31201,125,1,1,1,3,unroll_16,unroll,unroll_2,1.5,0.12769708698966847,False
workload_418.cpp,xcu200-fsgd2104-2-e,10.0,1249.40801,228,1,1,6,4,unroll_32,pipeline,pipeline_1,3.0,0.5663339908688442,False
workload_419.cpp,xcu200-fsgd2104-2-e,10.0,1794.04801,624,1,1,5,17,unroll_64,unroll,pipeline_1,6.0,0.20557686456735147,False
workload_420.cpp,xcu200-fsgd2104-2-e,10.0,4817.15201,914,1,1,5,10,unroll_16,unroll,unroll_8,4.25,0.2085266637814155,False
workload_423.cpp,xcu200-fsgd2104-2-e,10.0,1251.32801,57,1,1,1,1,unroll_2,pipeline_1,unroll_8,1.0,0.796135814569341,False
workload_424.cpp,xcu200-fsgd2104-2-e,10.0,7194.62401,61,1,1,1,1,unroll_2,unroll,unroll_4,1.0,0.14985929565378167,False
workload_425.cpp,xcu200-fsgd2104-2-e,10.0,7726.08001,68,1,1,1,1,unroll_4,unroll,unroll_2,1.0,0.12844305715077767,False
workload_426.cpp,xcu200-fsgd2104-2-e,10.0,139.26672,74,1,1,1,1,pipeline,unroll,unroll_2,1.0,1.0,True
workload_427.cpp,xcu200-fsgd2104-2-e,10.0,139.26672,75,1,1,1,1,pipeline,unroll,pipeline,1.0,1.0,True
workload_428.cpp,xcu200-fsgd2104-2-e,10.0,7193.60001,80,1,1,1,1,unroll_4,unroll,unroll_4,1.0,0.14990632389671693,False
workload_429.cpp,xcu200-fsgd2104-2-e,10.0,835.58494,82,1,1,1,1,pipeline,pipeline,pipeline_1,1.0,0.8692901217272252,False
workload_430.cpp,xcu200-fsgd2104-2-e,10.0,835.58494,82,1,1,1,1,pipeline_1,pipeline,unroll_8,1.0,0.8692901217272252,False
workload_431.cpp,xcu200-fsgd2104-2-e,10.0,835.58494,83,1,1,1,1,pipeline,pipeline,unroll_8,1.0,0.8692901217272252,False
workload_432.cpp,xcu200-fsgd2104-2-e,10.0,835.58494,85,1,1,1,1,pipeline_1,pipeline,unroll_16,1.0,0.8692901217272252,False
workload_433.cpp,xcu200-fsgd2104-2-e,10.0,1221.12001,85,1,1,1,1,unroll_8,pipeline,unroll,1.0,0.8013281158382185,False
workload_434.cpp,xcu200-fsgd2104-2-e,10.0,835.58494,85,1,1,1,1,pipeline_1,pipeline,pipeline_1,1.0,0.8692901217272252,False
workload_435.cpp,xcu200-fsgd2104-2-e,10.0,1249.79201,86,1,1,1,1,unroll_8,pipeline,unroll_8,1.0,0.7963993643492565,False
workload_436.cpp,xcu200-fsgd2104-2-e,10.0,4817.92001,102,1,1,1,2,unroll_4,unroll,unroll_8,1.25,0.3178239243303477,False
workload_437.cpp,xcu200-fsgd2104-2-e,10.0,1249.53601,127,1,1,3,2,unroll_16,pipeline,pipeline,1.75,0.7453067519491258,False
workload_438.cpp,xcu200-fsgd2104-2-e,10.0,1249.53601,128,1,1,3,2,unroll_16,pipeline_1,pipeline,1.75,0.7453067519491258,False
workload_439.cpp,xcu200-fsgd2104-2-e,10.0,7727.10401,59,1,1,1,1,unroll_2,unroll,unroll_2,1.0,0.12840755653628325,False
workload_440.cpp,xcu200-fsgd2104-2-e,10.0,1250.30401,68,1,1,1,1,unroll_4,pipeline,unroll_16,1.0,0.796311508880489,False
workload_441.cpp,xcu200-fsgd2104-2-e,10.0,557.0587,78,1,1,1,1,pipeline_1,unroll,unroll,1.0,0.9203437975132756,False
workload_442.cpp,xcu200-fsgd2104-2-e,10.0,1250.30401,66,1,1,1,1,unroll_4,pipeline,pipeline_1,1.0,0.796311508880489,False
workload_443.cpp,xcu200-fsgd2104-2-e,10.0,835.58494,80,1,1,1,1,pipeline_1,pipeline,pipeline,1.0,0.8692901217272252,False
workload_444.cpp,xcu200-fsgd2104-2-e,10.0,1249.79201,89,1,1,1,1,unroll_8,pipeline,unroll_2,1.0,0.7963993643492565,False
workload_445.cpp,xcu200-fsgd2104-2-e,10.0,835.58494,84,1,1,1,1,pipeline,pipeline,unroll,1.0,0.8692901217272252,False
workload_446.cpp,xcu200-fsgd2104-2-e,10.0,3630.08001,167,1,1,2,5,unroll_4,unroll,unroll_16,2.25,0.41324534558103,False
workload_447.cpp,xcu200-fsgd2104-2-e,10.0,3631.10401,91,1,1,1,2,unroll_2,unroll,unroll_16,1.25,0.44623918085445935,False
workload_448.cpp,xcu200-fsgd2104-2-e,10.0,1249.53601,128,1,1,3,2,unroll_16,pipeline,unroll_8,1.75,0.7453067519491258,False
workload_449.cpp,xcu200-fsgd2104-2-e,10.0,1251.32801,59,1,1,1,1,unroll_2,pipeline_1,unroll_2,1.0,0.796135814569341,False
workload_450.cpp,xcu200-fsgd2104-2-e,10.0,1814.52801,60,1,1,1,1,unroll_2,unroll,pipeline,1.0,0.7028630278600461,False
workload_451.cpp,xcu200-fsgd2104-2-e,10.0,946.17953,122,1,1,1,1,unroll_2,unroll,unroll,1.0,0.849473116020445,False
workload_452.cpp,xcu200-fsgd2104-2-e,10.0,1249.53601,125,1,1,3,2,unroll_16,pipeline,pipeline_1,1.75,0.7453067519491258,False
workload_453.cpp,xcu200-fsgd2104-2-e,10.0,139.26672,74,1,1,1,1,pipeline_1,unroll,pipeline_1,1.0,1.0,True
workload_454.cpp,xcu200-fsgd2104-2-e,10.0,835.58494,80,1,1,1,1,pipeline,pipeline_1,unroll_16,1.0,0.8692901217272252,False
workload_455.cpp,xcu200-fsgd2104-2-e,10.0,4817.40801,240,1,1,2,5,unroll_8,unroll,unroll_8,2.25,0.29789030641612263,False
workload_456.cpp,xcu200-fsgd2104-2-e,10.0,1794.04801,91,1,1,1,2,unroll_8,unroll,pipeline_1,1.25,0.7020558049131392,False
workload_457.cpp,xcu200-fsgd2104-2-e,10.0,1249.40801,236,1,1,6,4,unroll_32,pipeline,unroll_2,3.0,0.5663339908688442,False
workload_458.cpp,xcu200-fsgd2104-2-e,10.0,1249.40801,228,1,1,6,4,unroll_32,pipeline_1,unroll_8,3.0,0.5663339908688442,False
workload_459.cpp,xcu200-fsgd2104-2-e,10.0,1814.52801,648,1,1,5,16,unroll_64,unroll,pipeline,5.75,0.22470196915925608,False
workload_460.cpp,xcu200-fsgd2104-2-e,10.0,7725.12001,1483,1,1,7,13,unroll_64,unroll,unroll_2,5.5,0.10000000000000002,False
workload_461.cpp,xcu200-fsgd2104-2-e,10.0,3629.31201,2009,1,1,11,17,unroll_16,unroll,unroll_16,7.5,0.10809638284315427,False
workload_463.cpp,xcu200-fsgd2104-2-e,10.0,1222.65601,55,1,1,1,1,unroll_2,pipeline_1,unroll,1.0,0.8010636349806212,False
workload_464.cpp,xcu200-fsgd2104-2-e,10.0,1251.32801,55,1,1,1,1,unroll_2,pipeline,pipeline_1,1.0,0.796135814569341,False
workload_465.cpp,xcu200-fsgd2104-2-e,10.0,1251.32801,57,1,1,1,1,unroll_2,pipeline_1,unroll_4,1.0,0.796135814569341,False
workload_466.cpp,xcu200-fsgd2104-2-e,10.0,1794.04801,57,1,1,1,1,unroll_2,unroll,pipeline_1,1.0,0.7061372724225343,False
workload_467.cpp,xcu200-fsgd2104-2-e,10.0,1221.63201,66,1,1,1,1,unroll_4,pipeline,unroll,1.0,0.8012399500102236,False
workload_468.cpp,xcu200-fsgd2104-2-e,10.0,1250.30401,69,1,1,1,1,unroll_4,pipeline_1,unroll_4,1.0,0.796311508880489,False
workload_469.cpp,xcu200-fsgd2104-2-e,10.0,1250.30401,70,1,1,1,1,unroll_4,pipeline,pipeline,1.0,0.796311508880489,False
workload_470.cpp,xcu200-fsgd2104-2-e,10.0,557.0587,70,1,1,1,1,pipeline,unroll,unroll,1.0,0.9203437975132756,False
workload_471.cpp,xcu200-fsgd2104-2-e,10.0,1250.30401,71,1,1,1,1,unroll_4,pipeline_1,unroll_16,1.0,0.796311508880489,False
workload_472.cpp,xcu200-fsgd2104-2-e,10.0,1814.52801,71,1,1,1,1,unroll_4,unroll,pipeline,1.0,0.7028630278600461,False
workload_473.cpp,xcu200-fsgd2104-2-e,10.0,139.26672,73,1,1,1,1,pipeline_1,unroll,unroll_4,1.0,1.0,True
workload_474.cpp,xcu200-fsgd2104-2-e,10.0,139.26672,74,1,1,1,1,pipeline,unroll,unroll_16,1.0,1.0,True
workload_475.cpp,xcu200-fsgd2104-2-e,10.0,835.58494,76,1,1,1,1,pipeline,pipeline_1,unroll_4,1.0,0.8692901217272252,False
workload_476.cpp,xcu200-fsgd2104-2-e,10.0,835.58494,77,1,1,1,1,pipeline,pipeline,unroll_16,1.0,0.8692901217272252,False
workload_477.cpp,xcu200-fsgd2104-2-e,10.0,835.58494,77,1,1,1,1,pipeline,pipeline,pipeline,1.0,0.8692901217272252,False
workload_478.cpp,xcu200-fsgd2104-2-e,10.0,835.58494,81,1,1,1,1,pipeline_1,pipeline,unroll_4,1.0,0.8692901217272252,False
workload_479.cpp,xcu200-fsgd2104-2-e,10.0,835.58495,85,1,1,1,1,pipeline,pipeline,unroll_2,1.0,0.8692901199236743,False
workload_480.cpp,xcu200-fsgd2104-2-e,10.0,835.58494,85,1,1,1,1,pipeline,pipeline_1,unroll_8,1.0,0.8692901217272252,False
workload_481.cpp,xcu200-fsgd2104-2-e,10.0,835.58494,85,1,1,1,1,pipeline_1,pipeline_1,pipeline,1.0,0.8692901217272252,False
workload_482.cpp,xcu200-fsgd2104-2-e,10.0,1222.65601,57,1,1,1,1,unroll_2,pipeline,unroll,1.0,0.8010636349806212,False
workload_483.cpp,xcu200-fsgd2104-2-e,10.0,1220.86401,116,1,1,3,2,unroll_16,pipeline,unroll,1.75,0.7490123042859699,False
workload_484.cpp,xcu200-fsgd2104-2-e,10.0,1251.32801,54,1,1,1,1,unroll_2,pipeline,pipeline,1.0,0.796135814569341,False
workload_485.cpp,xcu200-fsgd2104-2-e,10.0,1251.32801,55,1,1,1,1,unroll_2,pipeline_1,pipeline,1.0,0.796135814569341,False
workload_486.cpp,xcu200-fsgd2104-2-e,10.0,139.26672,70,1,1,1,1,pipeline_1,unroll,unroll_16,1.0,1.0,True
workload_487.cpp,xcu200-fsgd2104-2-e,10.0,1250.30401,59,1,1,1,1,unroll_4,pipeline_1,unroll_8,1.0,0.796311508880489,False
workload_488.cpp,xcu200-fsgd2104-2-e,10.0,835.58494,73,1,1,1,1,pipeline_1,pipeline_1,unroll_16,1.0,0.8692901217272252,False
workload_489.cpp,xcu200-fsgd2104-2-e,10.0,835.58494,71,1,1,1,1,pipeline,pipeline_1,pipeline_1,1.0,0.8692901217272252,False
workload_490.cpp,xcu200-fsgd2104-2-e,10.0,835.58495,72,1,1,1,1,pipeline_1,pipeline_1,unroll_2,1.0,0.8692901199236743,False
workload_491.cpp,xcu200-fsgd2104-2-e,10.0,835.58495,75,1,1,1,1,pipeline,pipeline_1,unroll_2,1.0,0.8692901199236743,False
workload_492.cpp,xcu200-fsgd2104-2-e,10.0,1251.32801,55,1,1,1,1,unroll_2,pipeline_1,pipeline_1,1.0,0.796135814569341,False
workload_493.cpp,xcu200-fsgd2104-2-e,10.0,1250.30401,58,1,1,1,1,unroll_4,pipeline_1,pipeline_1,1.0,0.796311508880489,False
workload_494.cpp,xcu200-fsgd2104-2-e,10.0,835.58494,70,1,1,1,1,pipeline,pipeline_1,pipeline,1.0,0.8692901217272252,False
workload_495.cpp,xcu200-fsgd2104-2-e,10.0,1249.79201,74,1,1,1,1,unroll_8,pipeline_1,unroll_4,1.0,0.7963993643492565,False
workload_496.cpp,xcu200-fsgd2104-2-e,10.0,835.58494,77,1,1,1,1,pipeline,pipeline_1,unroll,1.0,0.8692901217272252,False
workload_497.cpp,xcu200-fsgd2104-2-e,10.0,835.58494,78,1,1,1,1,pipeline_1,pipeline_1,pipeline_1,1.0,0.8692901217272252,False
workload_498.cpp,xcu200-fsgd2104-2-e,10.0,835.58494,80,1,1,1,1,pipeline_1,pipeline_1,unroll_4,1.0,0.8692901217272252,False
workload_499.cpp,xcu200-fsgd2104-2-e,10.0,835.58494,80,1,1,1,1,pipeline_1,pipeline_1,unroll,1.0,0.8692901217272252,False
workload_500.cpp,xcu200-fsgd2104-2-e,10.0,1249.53601,109,1,1,3,2,unroll_16,pipeline,unroll_4,1.75,0.7453067519491258,False
workload_501.cpp,xcu200-fsgd2104-2-e,10.0,897.03093,356,1,1,1,1,unroll_4,unroll,unroll,1.0,0.8582479350495884,False
workload_502.cpp,xcu200-fsgd2104-2-e,10.0,1221.63201,54,1,1,1,1,unroll_4,pipeline_1,unroll,1.0,0.8012399500102236,False
workload_503.cpp,xcu200-fsgd2104-2-e,10.0,1250.30401,55,1,1,1,1,unroll_4,pipeline_1,pipeline,1.0,0.796311508880489,False
workload_504.cpp,xcu200-fsgd2104-2-e,10.0,1250.30401,54,1,1,1,1,unroll_4,pipeline_1,unroll_2,1.0,0.796311508880489,False
workload_505.cpp,xcu200-fsgd2104-2-e,10.0,1545.21607,340,1,1,2,1,unroll_8,unroll,unroll,1.25,0.7416816170095591,False
workload_506.cpp,xcu200-fsgd2104-2-e,10.0,1249.79201,68,1,1,1,1,unroll_8,pipeline,unroll_4,1.0,0.7963993643492565,False
workload_507.cpp,xcu200-fsgd2104-2-e,10.0,1221.12001,68,1,1,1,1,unroll_8,pipeline_1,unroll,1.0,0.8013281158382185,False
workload_508.cpp,xcu200-fsgd2104-2-e,10.0,7192.83201,430,1,1,3,5,unroll_16,unroll,unroll_4,2.5,0.1405877111623977,False
workload_509.cpp,xcu200-fsgd2104-2-e,5.0,773.120005,58,1,1,1,1,unroll_2,pipeline,unroll_4,1.0,0.8645767011361445,False
workload_510.cpp,xcu200-fsgd2104-2-e,5.0,772.608005,68,1,1,1,1,unroll_4,pipeline,unroll_4,1.0,0.864711185387033,False
workload_511.cpp,xcu200-fsgd2104-2-e,5.0,772.608005,69,1,1,1,1,unroll_4,pipeline,unroll_8,1.0,0.864711185387033,False
workload_512.cpp,xcu200-fsgd2104-2-e,5.0,772.608005,69,1,1,1,1,unroll_4,pipeline,unroll_2,1.0,0.864711185387033,False
workload_513.cpp,xcu200-fsgd2104-2-e,5.0,1296.384005,70,1,1,1,1,unroll_4,unroll,pipeline_1,1.0,0.7333160976805921,False
workload_514.cpp,xcu200-fsgd2104-2-e,5.0,3474.432005,74,1,1,1,1,unroll_2,unroll,unroll_8,1.0,0.31967026348330396,False
workload_515.cpp,xcu200-fsgd2104-2-e,5.0,69.63372,79,1,1,1,2,pipeline,unroll,unroll_4,1.25,1.0,True
workload_516.cpp,xcu200-fsgd2104-2-e,5.0,69.63372,82,1,1,1,2,pipeline,unroll,pipeline_1,1.25,1.0,True
workload_517.cpp,xcu200-fsgd2104-2-e,5.0,417.79283,87,1,1,1,1,pipeline_1,pipeline,unroll_2,1.0,0.9607524544151473,False
workload_518.cpp,xcu200-fsgd2104-2-e,5.0,417.79283,87,1,1,1,1,pipeline_1,pipeline,unroll,1.0,0.9607524544151473,False
workload_519.cpp,xcu200-fsgd2104-2-e,5.0,1644.544005,92,1,1,1,2,unroll_8,unroll,pipeline,1.25,0.6490362692042542,False
workload_520.cpp,xcu200-fsgd2104-2-e,5.0,772.352005,93,1,1,1,1,unroll_8,pipeline,pipeline_1,1.0,0.8647784319473877,False
workload_521.cpp,xcu200-fsgd2104-2-e,5.0,772.352005,94,1,1,1,1,unroll_8,pipeline,unroll_16,1.0,0.8647784319473877,False
workload_522.cpp,xcu200-fsgd2104-2-e,5.0,772.352005,95,1,1,1,1,unroll_8,pipeline,pipeline,1.0,0.8647784319473877,False
workload_523.cpp,xcu200-fsgd2104-2-e,5.0,772.352005,98,1,1,1,1,unroll_8,pipeline_1,pipeline,1.0,0.8647784319473877,False
workload_524.cpp,xcu200-fsgd2104-2-e,5.0,773.120005,62,1,1,1,1,unroll_2,pipeline,unroll_2,1.0,0.8645767011361445,False
workload_525.cpp,xcu200-fsgd2104-2-e,5.0,773.120005,59,1,1,1,1,unroll_2,pipeline,unroll_16,1.0,0.8645767011361445,False
workload_526.cpp,xcu200-fsgd2104-2-e,5.0,773.120005,58,1,1,1,1,unroll_2,pipeline,unroll_8,1.0,0.8645767011361445,False
workload_527.cpp,xcu200-fsgd2104-2-e,5.0,69.63372,76,1,1,1,2,pipeline_1,unroll,pipeline,1.25,1.0,True
workload_528.cpp,xcu200-fsgd2104-2-e,5.0,772.224005,151,1,1,3,3,unroll_16,pipeline,unroll_16,2.0,0.7434540114462738,False
workload_529.cpp,xcu200-fsgd2104-2-e,5.0,773.120005,61,1,1,1,1,unroll_2,pipeline_1,unroll_16,1.0,0.8645767011361445,False
workload_530.cpp,xcu200-fsgd2104-2-e,5.0,772.224005,154,1,1,3,3,unroll_16,pipeline,unroll_2,2.0,0.7434540114462738,False
workload_531.cpp,xcu200-fsgd2104-2-e,5.0,69.63372,80,1,1,1,2,pipeline,unroll,unroll_8,1.25,1.0,True
workload_532.cpp,xcu200-fsgd2104-2-e,5.0,417.792845,80,1,1,1,1,pipeline,pipeline,unroll_4,1.0,0.9607524502348975,False
workload_533.cpp,xcu200-fsgd2104-2-e,5.0,69.63372,72,1,1,1,2,pipeline_1,unroll,unroll_2,1.25,1.0,True
workload_534.cpp,xcu200-fsgd2104-2-e,5.0,5255.424005,84,1,1,1,2,unroll_8,unroll,unroll_2,1.25,0.14019940830380684,False
workload_535.cpp,xcu200-fsgd2104-2-e,5.0,69.63372,79,1,1,1,2,pipeline_1,unroll,unroll_8,1.25,1.0,True
workload_536.cpp,xcu200-fsgd2104-2-e,5.0,417.792845,89,1,1,1,1,pipeline_1,pipeline_1,unroll_8,1.0,0.9607524502348975,False
workload_537.cpp,xcu200-fsgd2104-2-e,5.0,5255.296005,134,1,1,1,3,unroll_16,unroll,unroll_2,1.5,0.13936572959207275,False
workload_538.cpp,xcu200-fsgd2104-2-e,5.0,1644.544005,149,1,1,1,4,unroll_16,unroll,pipeline,1.75,0.6206881976717834,False
workload_539.cpp,xcu200-fsgd2104-2-e,5.0,772.160005,263,1,1,7,6,unroll_32,pipeline,pipeline_1,3.75,0.45487718036119495,False
workload_540.cpp,xcu200-fsgd2104-2-e,5.0,1296.384005,698,1,1,5,17,unroll_64,unroll,pipeline_1,6.0,0.1860971875029948,False
workload_541.cpp,xcu200-fsgd2104-2-e,5.0,3473.536005,1013,1,1,5,10,unroll_16,unroll,unroll_8,4.25,0.1959139802370753,False
workload_544.cpp,xcu200-fsgd2104-2-e,5.0,5256.192005,58,1,1,1,1,unroll_2,unroll,unroll_2,1.0,0.14043594099618512,False
workload_545.cpp,xcu200-fsgd2104-2-e,5.0,773.120005,63,1,1,1,1,unroll_2,pipeline_1,pipeline,1.0,0.8645767011361445,False
workload_546.cpp,xcu200-fsgd2104-2-e,5.0,4989.952005,69,1,1,1,1,unroll_2,unroll,unroll_4,1.0,0.15811646180152825,False
workload_547.cpp,xcu200-fsgd2104-2-e,5.0,1644.544005,69,1,1,1,1,unroll_4,unroll,pipeline,1.0,0.6528239930369537,False
workload_548.cpp,xcu200-fsgd2104-2-e,5.0,758.272005,70,1,1,1,1,unroll_4,pipeline,unroll,1.0,0.8684815459418597,False
workload_549.cpp,xcu200-fsgd2104-2-e,5.0,772.608005,71,1,1,1,1,unroll_4,pipeline,pipeline_1,1.0,0.864711185387033,False
workload_550.cpp,xcu200-fsgd2104-2-e,5.0,69.63372,77,1,1,1,2,pipeline_1,unroll,unroll_16,1.25,1.0,True
workload_551.cpp,xcu200-fsgd2104-2-e,5.0,278.530555,79,1,1,1,1,pipeline_1,unroll,unroll,1.0,1.0,True
workload_552.cpp,xcu200-fsgd2104-2-e,5.0,4989.440005,83,1,1,1,1,unroll_4,unroll,unroll_4,1.0,0.1581535435876886,False
workload_553.cpp,xcu200-fsgd2104-2-e,5.0,417.792845,86,1,1,1,1,pipeline_1,pipeline,unroll_8,1.0,0.9607524502348975,False
workload_554.cpp,xcu200-fsgd2104-2-e,5.0,417.792845,86,1,1,1,1,pipeline,pipeline,unroll_8,1.0,0.9607524502348975,False
workload_555.cpp,xcu200-fsgd2104-2-e,5.0,417.792845,89,1,1,1,1,pipeline_1,pipeline,pipeline,1.0,0.9607524502348975,False
workload_556.cpp,xcu200-fsgd2104-2-e,5.0,772.352005,95,1,1,1,1,unroll_8,pipeline,unroll_8,1.0,0.8647784319473877,False
workload_557.cpp,xcu200-fsgd2104-2-e,5.0,772.352005,99,1,1,1,1,unroll_8,pipeline,unroll_2,1.0,0.8647784319473877,False
workload_558.cpp,xcu200-fsgd2104-2-e,5.0,3473.920005,108,1,1,1,2,unroll_4,unroll,unroll_8,1.25,0.31871573774017703,False
workload_559.cpp,xcu200-fsgd2104-2-e,5.0,758.784005,62,1,1,1,1,unroll_2,pipeline,unroll,1.0,0.8683467305509747,False
workload_560.cpp,xcu200-fsgd2104-2-e,5.0,69.63372,81,1,1,1,2,pipeline,unroll,pipeline,1.25,1.0,True
workload_561.cpp,xcu200-fsgd2104-2-e,5.0,69.63372,79,1,1,1,2,pipeline,unroll,unroll_16,1.25,1.0,True
workload_562.cpp,xcu200-fsgd2104-2-e,5.0,772.608005,72,1,1,1,1,unroll_4,pipeline,unroll_16,1.0,0.864711185387033,False
workload_563.cpp,xcu200-fsgd2104-2-e,5.0,417.792845,85,1,1,1,1,pipeline_1,pipeline,unroll_4,1.0,0.9607524502348975,False
workload_564.cpp,xcu200-fsgd2104-2-e,5.0,772.608005,71,1,1,1,1,unroll_4,pipeline_1,unroll_4,1.0,0.864711185387033,False
workload_565.cpp,xcu200-fsgd2104-2-e,5.0,278.530555,80,1,1,1,1,pipeline,unroll,unroll,1.0,1.0,True
workload_566.cpp,xcu200-fsgd2104-2-e,5.0,417.792845,83,1,1,1,1,pipeline_1,pipeline,unroll_16,1.0,0.9607524502348975,False
workload_567.cpp,xcu200-fsgd2104-2-e,5.0,772.352005,102,1,1,1,1,unroll_8,pipeline_1,pipeline_1,1.0,0.8647784319473877,False
workload_568.cpp,xcu200-fsgd2104-2-e,5.0,772.608005,75,1,1,1,1,unroll_4,pipeline_1,unroll_16,1.0,0.864711185387033,False
workload_569.cpp,xcu200-fsgd2104-2-e,5.0,1296.384005,58,1,1,1,1,unroll_2,unroll,pipeline_1,1.0,0.7333160976805921,False
workload_570.cpp,xcu200-fsgd2104-2-e,5.0,773.120005,64,1,1,1,1,unroll_2,pipeline_1,unroll_8,1.0,0.8645767011361445,False
workload_571.cpp,xcu200-fsgd2104-2-e,5.0,5255.680005,63,1,1,1,1,unroll_4,unroll,unroll_2,1.0,0.14046687303955063,False
workload_572.cpp,xcu200-fsgd2104-2-e,5.0,772.224005,153,1,1,3,3,unroll_16,pipeline,unroll_8,2.0,0.7434540114462738,False
workload_573.cpp,xcu200-fsgd2104-2-e,5.0,2716.160005,181,1,1,2,5,unroll_4,unroll,unroll_16,2.25,0.400543784626306,False
workload_574.cpp,xcu200-fsgd2104-2-e,5.0,3473.664005,268,1,1,3,5,unroll_8,unroll,unroll_8,2.5,0.28558489750896787,False
workload_575.cpp,xcu200-fsgd2104-2-e,5.0,1296.384005,284,1,1,2,8,unroll_32,unroll,pipeline_1,3.0,0.5247996837962703,False
workload_576.cpp,xcu200-fsgd2104-2-e,5.0,5255.232005,404,1,1,3,7,unroll_32,unroll,unroll_2,3.0,0.12477928385118006,False
workload_577.cpp,xcu200-fsgd2104-2-e,5.0,4989.056005,536,1,1,3,5,unroll_16,unroll,unroll_4,2.5,0.1461796994215187,False
workload_578.cpp,xcu200-fsgd2104-2-e,5.0,485.379465,419,1,1,1,1,unroll_4,unroll,unroll,1.0,0.9420202264483767,False
workload_579.cpp,xcu200-fsgd2104-2-e,5.0,2715.904005,506,1,1,5,9,unroll_8,unroll,unroll_16,4.0,0.2717901236720015,False
workload_580.cpp,xcu200-fsgd2104-2-e,5.0,772.128005,928,1,1,14,12,unroll_64,pipeline,unroll_8,7.0,0.13257008154220823,False
workload_581.cpp,xcu200-fsgd2104-2-e,5.0,772.128005,848,1,1,14,12,unroll_64,pipeline,unroll_4,7.0,0.13257008154220823,False
workload_582.cpp,xcu200-fsgd2104-2-e,5.0,772.128005,883,1,1,14,12,unroll_64,pipeline,unroll_2,7.0,0.13257008154220823,False
workload_583.cpp,xcu200-fsgd2104-2-e,5.0,5255.200005,1492,1,1,7,13,unroll_64,unroll,unroll_2,5.5,0.10000000000000002,False
workload_584.cpp,xcu200-fsgd2104-2-e,5.0,1644.544005,57,1,1,1,1,unroll_2,unroll,pipeline,1.0,0.6528239930369537,False
workload_585.cpp,xcu200-fsgd2104-2-e,5.0,773.120005,58,1,1,1,1,unroll_2,pipeline,pipeline,1.0,0.8645767011361445,False
workload_586.cpp,xcu200-fsgd2104-2-e,5.0,773.120005,58,1,1,1,1,unroll_2,pipeline,pipeline_1,1.0,0.8645767011361445,False
workload_587.cpp,xcu200-fsgd2104-2-e,5.0,758.784005,61,1,1,1,1,unroll_2,pipeline_1,unroll,1.0,0.8683467305509747,False
workload_588.cpp,xcu200-fsgd2104-2-e,5.0,758.272005,71,1,1,1,1,unroll_4,pipeline_1,unroll,1.0,0.8684815459418597,False
workload_589.cpp,xcu200-fsgd2104-2-e,5.0,772.608005,72,1,1,1,1,unroll_4,pipeline,pipeline,1.0,0.864711185387033,False
workload_590.cpp,xcu200-fsgd2104-2-e,5.0,69.63372,75,1,1,1,2,pipeline_1,unroll,unroll_4,1.25,1.0,True
workload_591.cpp,xcu200-fsgd2104-2-e,5.0,69.63372,79,1,1,1,2,pipeline_1,unroll,pipeline_1,1.25,1.0,True
workload_592.cpp,xcu200-fsgd2104-2-e,5.0,417.792845,83,1,1,1,1,pipeline,pipeline,pipeline_1,1.0,0.9607524502348975,False
workload_593.cpp,xcu200-fsgd2104-2-e,5.0,417.79283,83,1,1,1,1,pipeline,pipeline,unroll_2,1.0,0.9607524544151473,False
workload_594.cpp,xcu200-fsgd2104-2-e,5.0,417.792845,83,1,1,1,1,pipeline,pipeline_1,unroll_16,1.0,0.9607524502348975,False
workload_595.cpp,xcu200-fsgd2104-2-e,5.0,417.792845,83,1,1,1,1,pipeline_1,pipeline,pipeline_1,1.0,0.9607524502348975,False
workload_596.cpp,xcu200-fsgd2104-2-e,5.0,417.792845,86,1,1,1,1,pipeline,pipeline,pipeline,1.0,0.9607524502348975,False
workload_597.cpp,xcu200-fsgd2104-2-e,5.0,417.79283,90,1,1,1,1,pipeline,pipeline,unroll,1.0,0.9607524544151473,False
workload_598.cpp,xcu200-fsgd2104-2-e,5.0,2716.672005,94,1,1,1,2,unroll_2,unroll,unroll_16,1.25,0.4376336505166565,False
workload_599.cpp,xcu200-fsgd2104-2-e,5.0,546.817765,127,1,1,1,1,unroll_2,unroll,unroll,1.0,0.9251708753341537,False
workload_600.cpp,xcu200-fsgd2104-2-e,5.0,69.63372,76,1,1,1,2,pipeline,unroll,unroll_2,1.25,1.0,True
workload_601.cpp,xcu200-fsgd2104-2-e,5.0,417.792845,81,1,1,1,1,pipeline,pipeline_1,pipeline_1,1.0,0.9607524502348975,False
workload_602.cpp,xcu200-fsgd2104-2-e,5.0,417.792845,85,1,1,1,1,pipeline_1,pipeline_1,pipeline,1.0,0.9607524502348975,False
workload_603.cpp,xcu200-fsgd2104-2-e,5.0,417.792845,77,1,1,1,1,pipeline,pipeline,unroll_16,1.0,0.9607524502348975,False
workload_604.cpp,xcu200-fsgd2104-2-e,5.0,417.79283,80,1,1,1,1,pipeline_1,pipeline_1,unroll,1.0,0.9607524544151473,False
workload_605.cpp,xcu200-fsgd2104-2-e,5.0,772.608005,73,1,1,1,1,unroll_4,pipeline_1,unroll_8,1.0,0.864711185387033,False
workload_606.cpp,xcu200-fsgd2104-2-e,5.0,417.792845,77,1,1,1,1,pipeline,pipeline_1,pipeline,1.0,0.9607524502348975,False
workload_607.cpp,xcu200-fsgd2104-2-e,5.0,417.792845,79,1,1,1,1,pipeline_1,pipeline_1,unroll_4,1.0,0.9607524502348975,False
workload_608.cpp,xcu200-fsgd2104-2-e,5.0,772.160005,280,1,1,7,6,unroll_32,pipeline,pipeline,3.75,0.45487718036119495,False
workload_609.cpp,xcu200-fsgd2104-2-e,5.0,772.160005,280,1,1,7,6,unroll_32,pipeline_1,pipeline_1,3.75,0.45487718036119495,False
workload_610.cpp,xcu200-fsgd2104-2-e,5.0,757.824005,220,1,1,7,5,unroll_32,pipeline,unroll,3.5,0.49378622093121793,False
workload_611.cpp,xcu200-fsgd2104-2-e,5.0,757.792005,479,1,1,14,11,unroll_64,pipeline,unroll,6.75,0.1453462539711075,False
workload_612.cpp,xcu200-fsgd2104-2-e,5.0,794.624035,431,1,1,2,2,unroll_8,unroll,unroll,1.5,0.8183908096195065,False
workload_613.cpp,xcu200-fsgd2104-2-e,5.0,772.128005,853,1,1,14,12,unroll_64,pipeline,pipeline_1,7.0,0.13257008154220823,False
workload_614.cpp,xcu200-fsgd2104-2-e,5.0,772.128005,861,1,1,14,12,unroll_64,pipeline_1,pipeline,7.0,0.13257008154220823,False
workload_615.cpp,xcu200-fsgd2104-2-e,5.0,773.120005,55,1,1,1,1,unroll_2,pipeline_1,unroll_4,1.0,0.8645767011361445,False
workload_616.cpp,xcu200-fsgd2104-2-e,5.0,773.120005,59,1,1,1,1,unroll_2,pipeline_1,pipeline_1,1.0,0.8645767011361445,False
workload_617.cpp,xcu200-fsgd2104-2-e,5.0,772.608005,68,1,1,1,1,unroll_4,pipeline_1,pipeline,1.0,0.864711185387033,False
workload_618.cpp,xcu200-fsgd2104-2-e,5.0,772.608005,68,1,1,1,1,unroll_4,pipeline_1,pipeline_1,1.0,0.864711185387033,False
workload_619.cpp,xcu200-fsgd2104-2-e,5.0,417.792845,78,1,1,1,1,pipeline_1,pipeline_1,pipeline_1,1.0,0.9607524502348975,False
workload_620.cpp,xcu200-fsgd2104-2-e,5.0,417.792845,78,1,1,1,1,pipeline,pipeline_1,unroll_8,1.0,0.9607524502348975,False
workload_621.cpp,xcu200-fsgd2104-2-e,5.0,417.79283,80,1,1,1,1,pipeline_1,pipeline_1,unroll_2,1.0,0.9607524544151473,False
workload_622.cpp,xcu200-fsgd2104-2-e,5.0,417.792845,82,1,1,1,1,pipeline,pipeline_1,unroll_4,1.0,0.9607524502348975,False
workload_623.cpp,xcu200-fsgd2104-2-e,5.0,417.79283,83,1,1,1,1,pipeline,pipeline_1,unroll_2,1.0,0.9607524544151473,False
workload_624.cpp,xcu200-fsgd2104-2-e,5.0,417.792845,85,1,1,1,1,pipeline_1,pipeline_1,unroll_16,1.0,0.9607524502348975,False
workload_625.cpp,xcu200-fsgd2104-2-e,5.0,417.79283,86,1,1,1,1,pipeline,pipeline_1,unroll,1.0,0.9607524544151473,False
workload_626.cpp,xcu200-fsgd2104-2-e,5.0,758.016005,86,1,1,1,1,unroll_8,pipeline_1,unroll,1.0,0.8685489580722128,False
workload_627.cpp,xcu200-fsgd2104-2-e,5.0,772.352005,87,1,1,1,1,unroll_8,pipeline_1,unroll_2,1.0,0.8647784319473877,False
workload_628.cpp,xcu200-fsgd2104-2-e,5.0,758.016005,93,1,1,1,1,unroll_8,pipeline,unroll,1.0,0.8685489580722128,False
workload_629.cpp,xcu200-fsgd2104-2-e,5.0,773.120005,49,1,1,1,1,unroll_2,pipeline_1,unroll_2,1.0,0.8645767011361445,False
workload_630.cpp,xcu200-fsgd2104-2-e,5.0,772.608005,58,1,1,1,1,unroll_4,pipeline_1,unroll_2,1.0,0.864711185387033,False
workload_631.cpp,xcu200-fsgd2104-2-e,5.0,757.888005,114,1,1,3,3,unroll_16,pipeline,unroll,2.0,0.7455446340450075,False
workload_632.cpp,xcu200-fsgd2104-2-e,5.0,757.888005,113,1,1,3,3,unroll_16,pipeline_1,unroll,2.0,0.7455446340450075,False
workload_633.cpp,xcu200-fsgd2104-2-e,3.33,610.37568333,62,1,1,1,1,unroll_2,pipeline,unroll_4,1.0,0.8500109577693189,False
workload_634.cpp,xcu200-fsgd2104-2-e,3.33,1109.24697933,73,1,1,1,1,unroll_4,unroll,pipeline_1,1.0,0.6913384897756261,False
workload_635.cpp,xcu200-fsgd2104-2-e,3.33,2904.56985933,74,1,1,1,1,unroll_2,unroll,unroll_8,1.0,0.2761798590415095,False
workload_636.cpp,xcu200-fsgd2104-2-e,3.33,610.03469133,74,1,1,1,1,unroll_4,pipeline,unroll_4,1.0,0.8501258565408039,False
workload_637.cpp,xcu200-fsgd2104-2-e,3.33,610.03469133,75,1,1,1,1,unroll_4,pipeline,unroll_2,1.0,0.8501258565408039,False
workload_638.cpp,xcu200-fsgd2104-2-e,3.33,610.03469133,76,1,1,1,1,unroll_4,pipeline,unroll_8,1.0,0.8501258565408039,False
workload_639.cpp,xcu200-fsgd2104-2-e,3.33,46.37630394,80,1,1,1,2,pipeline,unroll,pipeline_1,1.25,1.0,True
workload_640.cpp,xcu200-fsgd2104-2-e,3.33,46.37630394,84,1,1,1,2,pipeline,unroll,unroll_4,1.25,1.0,True
workload_641.cpp,xcu200-fsgd2104-2-e,3.33,278.25093387,88,1,1,1,1,pipeline_1,pipeline,unroll_2,1.0,0.966091887324769,False
workload_642.cpp,xcu200-fsgd2104-2-e,3.33,278.25093387,88,1,1,1,2,pipeline_1,pipeline,unroll,1.25,0.936276892740392,False
workload_643.cpp,xcu200-fsgd2104-2-e,3.33,1804.70016333,96,1,1,1,2,unroll_8,unroll,pipeline,1.25,0.4997765880833719,False
workload_644.cpp,xcu200-fsgd2104-2-e,3.33,609.86419533,100,1,1,2,1,unroll_8,pipeline,pipeline_1,1.25,0.8411030104833176,False
workload_645.cpp,xcu200-fsgd2104-2-e,3.33,609.86419533,100,1,1,2,1,unroll_8,pipeline,unroll_16,1.25,0.8411030104833176,False
workload_646.cpp,xcu200-fsgd2104-2-e,3.33,609.86419533,100,1,1,2,1,unroll_8,pipeline_1,pipeline,1.25,0.8411030104833176,False
workload_647.cpp,xcu200-fsgd2104-2-e,3.33,609.86419533,106,1,1,2,1,unroll_8,pipeline,pipeline,1.25,0.8411030104833176,False
workload_648.cpp,xcu200-fsgd2104-2-e,3.33,610.37568333,64,1,1,1,1,unroll_2,pipeline,unroll_2,1.0,0.8500109577693189,False
workload_649.cpp,xcu200-fsgd2104-2-e,3.33,610.37568333,58,1,1,1,1,unroll_2,pipeline,unroll_8,1.0,0.8500109577693189,False
workload_650.cpp,xcu200-fsgd2104-2-e,3.33,610.37568333,64,1,1,1,1,unroll_2,pipeline,unroll_16,1.0,0.8500109577693189,False
workload_651.cpp,xcu200-fsgd2104-2-e,3.33,46.37630394,78,1,1,1,2,pipeline_1,unroll,pipeline,1.25,1.0,True
workload_652.cpp,xcu200-fsgd2104-2-e,3.33,609.77894733,152,1,1,4,3,unroll_16,pipeline,unroll_2,2.25,0.7116511636524221,False
workload_653.cpp,xcu200-fsgd2104-2-e,3.33,610.37568333,59,1,1,1,1,unroll_2,pipeline_1,unroll_16,1.0,0.8500109577693189,False
workload_654.cpp,xcu200-fsgd2104-2-e,3.33,46.37630394,81,1,1,1,2,pipeline,unroll,unroll_8,1.25,1.0,True
workload_655.cpp,xcu200-fsgd2104-2-e,3.33,609.77894733,167,1,1,4,3,unroll_16,pipeline,unroll_16,2.25,0.7116511636524221,False
workload_656.cpp,xcu200-fsgd2104-2-e,3.33,278.25095052,81,1,1,1,1,pipeline,pipeline,unroll_4,1.0,0.966091881296162,False
workload_657.cpp,xcu200-fsgd2104-2-e,3.33,46.37630394,79,1,1,1,2,pipeline_1,unroll,unroll_8,1.25,1.0,True
workload_658.cpp,xcu200-fsgd2104-2-e,3.33,278.25095052,81,1,1,1,1,pipeline_1,pipeline_1,unroll_8,1.0,0.966091881296162,False
workload_659.cpp,xcu200-fsgd2104-2-e,3.33,4199.82797133,93,1,1,1,2,unroll_8,unroll,unroll_2,1.25,0.12795435401823513,False
workload_660.cpp,xcu200-fsgd2104-2-e,3.33,46.37630394,81,1,1,1,2,pipeline_1,unroll,unroll_2,1.25,1.0,True
workload_661.cpp,xcu200-fsgd2104-2-e,3.33,1804.61491533,140,1,1,1,4,unroll_16,unroll,pipeline,1.75,0.48584795629602107,False
workload_662.cpp,xcu200-fsgd2104-2-e,3.33,4199.82797133,159,1,1,1,3,unroll_16,unroll,unroll_2,1.5,0.12738302022970685,False
workload_663.cpp,xcu200-fsgd2104-2-e,3.33,609.73632333,317,1,1,8,6,unroll_32,pipeline,pipeline_1,4.0,0.4492113929675249,False
workload_664.cpp,xcu200-fsgd2104-2-e,3.33,1108.92729933,804,1,1,5,17,unroll_64,unroll,pipeline_1,6.0,0.2113445968716851,False
workload_665.cpp,xcu200-fsgd2104-2-e,3.33,2904.05837133,1154,1,1,6,10,unroll_16,unroll,unroll_8,4.5,0.1750579537823448,False
workload_668.cpp,xcu200-fsgd2104-2-e,3.33,610.37568333,60,1,1,1,1,unroll_2,pipeline,pipeline,1.0,0.8500109577693189,False
workload_669.cpp,xcu200-fsgd2104-2-e,3.33,4023.02361933,65,1,1,1,1,unroll_2,unroll,unroll_4,1.0,0.14086985571764393,False
workload_670.cpp,xcu200-fsgd2104-2-e,3.33,1804.87065933,71,1,1,1,1,unroll_4,unroll,pipeline,1.0,0.5015305567559376,False
workload_671.cpp,xcu200-fsgd2104-2-e,3.33,46.37630394,83,1,1,1,2,pipeline,unroll,unroll_16,1.25,1.0,True
workload_672.cpp,xcu200-fsgd2104-2-e,3.33,4022.68262733,85,1,1,1,1,unroll_4,unroll,unroll_4,1.0,0.14089668059503982,False
workload_673.cpp,xcu200-fsgd2104-2-e,3.33,278.25095052,85,1,1,1,1,pipeline,pipeline,pipeline_1,1.0,0.966091881296162,False
workload_674.cpp,xcu200-fsgd2104-2-e,3.33,278.25095052,85,1,1,1,1,pipeline,pipeline,unroll_16,1.0,0.966091881296162,False
workload_675.cpp,xcu200-fsgd2104-2-e,3.33,278.25095052,92,1,1,1,1,pipeline,pipeline,unroll_8,1.0,0.966091881296162,False
workload_676.cpp,xcu200-fsgd2104-2-e,3.33,278.25095052,93,1,1,1,1,pipeline_1,pipeline,unroll_8,1.0,0.966091881296162,False
workload_677.cpp,xcu200-fsgd2104-2-e,3.33,2345.34297933,99,1,1,1,2,unroll_2,unroll,unroll_16,1.25,0.37821478571870737,False
workload_678.cpp,xcu200-fsgd2104-2-e,3.33,609.86419533,108,1,1,2,1,unroll_8,pipeline_1,unroll_16,1.25,0.8411030104833176,False
workload_679.cpp,xcu200-fsgd2104-2-e,3.33,609.86419533,108,1,1,2,1,unroll_8,pipeline,unroll_2,1.25,0.8411030104833176,False
workload_680.cpp,xcu200-fsgd2104-2-e,3.33,2904.22886733,121,1,1,1,2,unroll_4,unroll,unroll_8,1.25,0.2755258333110532,False
workload_681.cpp,xcu200-fsgd2104-2-e,3.33,600.82790733,62,1,1,1,1,unroll_2,pipeline,unroll,1.0,0.853231449902862,False
workload_682.cpp,xcu200-fsgd2104-2-e,3.33,4200.33945933,58,1,1,1,1,unroll_2,unroll,unroll_2,1.0,0.128113014764857,False
workload_683.cpp,xcu200-fsgd2104-2-e,3.33,609.77894733,155,1,1,4,3,unroll_16,pipeline_1,unroll_16,2.25,0.7116511636524221,False
workload_684.cpp,xcu200-fsgd2104-2-e,3.33,46.37630394,82,1,1,1,2,pipeline_1,unroll,unroll_4,1.25,1.0,True
workload_685.cpp,xcu200-fsgd2104-2-e,3.33,600.48691533,78,1,1,1,1,unroll_4,pipeline,unroll,1.0,0.8533465950841226,False
workload_686.cpp,xcu200-fsgd2104-2-e,3.33,610.37568333,60,1,1,1,1,unroll_2,pipeline_1,unroll_4,1.0,0.8500109577693189,False
workload_687.cpp,xcu200-fsgd2104-2-e,3.33,278.25095052,83,1,1,1,1,pipeline,pipeline_1,unroll_8,1.0,0.966091881296162,False
workload_688.cpp,xcu200-fsgd2104-2-e,3.33,609.86419533,103,1,1,2,1,unroll_8,pipeline,unroll_8,1.25,0.8411030104833176,False
workload_689.cpp,xcu200-fsgd2104-2-e,3.33,610.03469133,79,1,1,1,1,unroll_4,pipeline_1,pipeline,1.0,0.8501258565408039,False
workload_690.cpp,xcu200-fsgd2104-2-e,3.33,1108.99123533,151,1,1,1,4,unroll_16,unroll,pipeline_1,1.75,0.6592756515624267,False
workload_691.cpp,xcu200-fsgd2104-2-e,3.33,609.77894733,151,1,1,4,3,unroll_16,pipeline,pipeline,2.25,0.7116511636524221,False
workload_692.cpp,xcu200-fsgd2104-2-e,3.33,610.03469133,78,1,1,1,1,unroll_4,pipeline,pipeline_1,1.0,0.8501258565408039,False
workload_693.cpp,xcu200-fsgd2104-2-e,3.33,609.77894733,166,1,1,4,3,unroll_16,pipeline_1,pipeline,2.25,0.7116511636524221,False
workload_694.cpp,xcu200-fsgd2104-2-e,3.33,278.25095052,90,1,1,1,1,pipeline_1,pipeline,pipeline_1,1.0,0.966091881296162,False
workload_695.cpp,xcu200-fsgd2104-2-e,3.33,1109.07648333,92,1,1,1,2,unroll_8,unroll,pipeline_1,1.25,0.6875878556698084,False
workload_696.cpp,xcu200-fsgd2104-2-e,3.33,2904.05837133,313,1,1,3,5,unroll_8,unroll,unroll_8,2.5,0.2522414475990872,False
workload_697.cpp,xcu200-fsgd2104-2-e,3.33,1804.57229133,333,1,1,3,9,unroll_32,unroll,pipeline,3.5,0.3644721422215471,False
workload_698.cpp,xcu200-fsgd2104-2-e,3.33,609.73632333,326,1,1,8,6,unroll_32,pipeline,unroll_8,4.0,0.4492113929675249,False
workload_699.cpp,xcu200-fsgd2104-2-e,3.33,609.73632333,325,1,1,8,6,unroll_32,pipeline,unroll_4,4.0,0.4492113929675249,False
workload_700.cpp,xcu200-fsgd2104-2-e,3.33,609.73632333,326,1,1,8,6,unroll_32,pipeline_1,unroll_16,4.0,0.4492113929675249,False
workload_701.cpp,xcu200-fsgd2104-2-e,3.33,321.89875569,398,1,1,1,1,unroll_4,unroll,unroll,1.0,0.950360044489544,False
workload_702.cpp,xcu200-fsgd2104-2-e,3.33,543.8822633100001,509,1,1,2,1,unroll_8,unroll,unroll,1.25,0.8618046073023785,False
workload_703.cpp,xcu200-fsgd2104-2-e,3.33,2344.83149133,584,1,1,5,9,unroll_8,unroll,unroll_16,4.0,0.25683314205271607,False
workload_704.cpp,xcu200-fsgd2104-2-e,3.33,609.71501133,973,1,1,16,13,unroll_64,pipeline_1,pipeline_1,7.75,0.12238875185241334,False
workload_705.cpp,xcu200-fsgd2104-2-e,3.33,4199.67878733,1599,1,1,7,13,unroll_64,unroll,unroll_2,5.5,0.10000000000000002,False
workload_708.cpp,xcu200-fsgd2104-2-e,3.33,610.37568333,62,1,1,1,1,unroll_2,pipeline_1,pipeline_1,1.0,0.8500109577693189,False
workload_709.cpp,xcu200-fsgd2104-2-e,3.33,610.37568333,63,1,1,1,1,unroll_2,pipeline_1,unroll_8,1.0,0.8500109577693189,False
workload_710.cpp,xcu200-fsgd2104-2-e,3.33,610.37568333,64,1,1,1,1,unroll_2,pipeline,pipeline_1,1.0,0.8500109577693189,False
workload_711.cpp,xcu200-fsgd2104-2-e,3.33,610.03469133,72,1,1,1,1,unroll_4,pipeline_1,unroll_16,1.0,0.8501258565408039,False
workload_712.cpp,xcu200-fsgd2104-2-e,3.33,185.50150947,79,1,1,1,1,pipeline,unroll,unroll,1.0,1.0,True
workload_713.cpp,xcu200-fsgd2104-2-e,3.33,46.37630394,80,1,1,1,2,pipeline_1,unroll,unroll_16,1.25,1.0,True
workload_714.cpp,xcu200-fsgd2104-2-e,3.33,185.50150947,83,1,1,1,1,pipeline_1,unroll,unroll,1.0,1.0,True
workload_715.cpp,xcu200-fsgd2104-2-e,3.33,46.37630394,83,1,1,1,2,pipeline,unroll,unroll_2,1.25,1.0,True
workload_716.cpp,xcu200-fsgd2104-2-e,3.33,278.25095052,88,1,1,1,1,pipeline,pipeline_1,unroll_4,1.0,0.966091881296162,False
workload_717.cpp,xcu200-fsgd2104-2-e,3.33,278.25095052,89,1,1,1,1,pipeline,pipeline_1,unroll_16,1.0,0.966091881296162,False
workload_718.cpp,xcu200-fsgd2104-2-e,3.33,278.25095052,89,1,1,1,1,pipeline_1,pipeline,unroll_4,1.0,0.966091881296162,False
workload_719.cpp,xcu200-fsgd2104-2-e,3.33,278.25093387,92,1,1,1,2,pipeline_1,pipeline_1,unroll,1.25,0.936276892740392,False
workload_720.cpp,xcu200-fsgd2104-2-e,3.33,278.25095052,92,1,1,1,1,pipeline_1,pipeline,pipeline,1.0,0.966091881296162,False
workload_721.cpp,xcu200-fsgd2104-2-e,3.33,278.25095052,93,1,1,1,1,pipeline,pipeline_1,pipeline_1,1.0,0.966091881296162,False
workload_722.cpp,xcu200-fsgd2104-2-e,3.33,600.31641933,108,1,1,2,1,unroll_8,pipeline,unroll,1.25,0.844108442646604,False
workload_723.cpp,xcu200-fsgd2104-2-e,3.33,1109.5879713299998,59,1,1,1,1,unroll_2,unroll,pipeline_1,1.0,0.691236474715267,False
workload_724.cpp,xcu200-fsgd2104-2-e,3.33,600.82790733,64,1,1,1,1,unroll_2,pipeline_1,unroll,1.0,0.853231449902862,False
workload_725.cpp,xcu200-fsgd2104-2-e,3.33,46.37630394,81,1,1,1,2,pipeline_1,unroll,pipeline_1,1.25,1.0,True
workload_726.cpp,xcu200-fsgd2104-2-e,3.33,278.25095052,92,1,1,1,1,pipeline_1,pipeline,unroll_16,1.0,0.966091881296162,False
workload_727.cpp,xcu200-fsgd2104-2-e,3.33,610.03469133,69,1,1,1,1,unroll_4,pipeline,unroll_16,1.0,0.8501258565408039,False
workload_728.cpp,xcu200-fsgd2104-2-e,3.33,4022.51213133,159,1,1,1,3,unroll_8,unroll,unroll_4,1.5,0.13994650256738156,False
workload_729.cpp,xcu200-fsgd2104-2-e,3.33,278.25095052,79,1,1,1,1,pipeline,pipeline,pipeline,1.0,0.966091881296162,False
workload_730.cpp,xcu200-fsgd2104-2-e,3.33,278.25093387,88,1,1,1,2,pipeline,pipeline_1,unroll,1.25,0.936276892740392,False
workload_731.cpp,xcu200-fsgd2104-2-e,3.33,386.68610349,120,1,1,1,1,unroll_2,unroll,unroll,1.0,0.9272748040761555,False
workload_732.cpp,xcu200-fsgd2104-2-e,3.33,1108.94861133,303,1,1,3,8,unroll_32,unroll,pipeline_1,3.25,0.4951927727125123,False
workload_733.cpp,xcu200-fsgd2104-2-e,3.33,609.73632333,309,1,1,8,6,unroll_32,pipeline,unroll_16,4.0,0.4492113929675249,False
workload_734.cpp,xcu200-fsgd2104-2-e,3.33,600.16723533,518,1,1,15,12,unroll_64,pipeline_1,unroll,7.25,0.14378237242803507,False
workload_735.cpp,xcu200-fsgd2104-2-e,3.33,609.71501133,902,1,1,16,13,unroll_64,pipeline,unroll_8,7.75,0.12238875185241334,False
workload_736.cpp,xcu200-fsgd2104-2-e,3.33,609.71501133,925,1,1,16,13,unroll_64,pipeline_1,unroll_8,7.75,0.12238875185241334,False
workload_737.cpp,xcu200-fsgd2104-2-e,3.33,609.71501133,904,1,1,16,13,unroll_64,pipeline_1,unroll_16,7.75,0.12238875185241334,False
workload_738.cpp,xcu200-fsgd2104-2-e,3.33,609.71501133,921,1,1,16,13,unroll_64,pipeline_1,unroll_4,7.75,0.12238875185241334,False
workload_739.cpp,xcu200-fsgd2104-2-e,3.33,1805.21165133,56,1,1,1,1,unroll_2,unroll,pipeline,1.0,0.501446494407803,False
workload_740.cpp,xcu200-fsgd2104-2-e,3.33,610.37568333,58,1,1,1,1,unroll_2,pipeline_1,unroll_2,1.0,0.8500109577693189,False
workload_741.cpp,xcu200-fsgd2104-2-e,3.33,610.37568333,62,1,1,1,1,unroll_2,pipeline_1,pipeline,1.0,0.8500109577693189,False
workload_742.cpp,xcu200-fsgd2104-2-e,3.33,4199.99846733,70,1,1,1,1,unroll_4,unroll,unroll_2,1.0,0.12813526346070556,False
workload_743.cpp,xcu200-fsgd2104-2-e,3.33,278.25093387,84,1,1,1,2,pipeline,pipeline,unroll,1.25,0.936276892740392,False
workload_744.cpp,xcu200-fsgd2104-2-e,3.33,278.25093387,84,1,1,1,1,pipeline,pipeline,unroll_2,1.0,0.966091887324769,False
workload_745.cpp,xcu200-fsgd2104-2-e,3.33,278.25095052,86,1,1,1,1,pipeline_1,pipeline_1,pipeline_1,1.0,0.966091881296162,False
workload_746.cpp,xcu200-fsgd2104-2-e,3.33,278.25095052,86,1,1,1,1,pipeline_1,pipeline_1,unroll_4,1.0,0.966091881296162,False
workload_747.cpp,xcu200-fsgd2104-2-e,3.33,278.25093387,87,1,1,1,1,pipeline,pipeline_1,unroll_2,1.0,0.966091887324769,False
workload_748.cpp,xcu200-fsgd2104-2-e,3.33,278.25095052,87,1,1,1,1,pipeline_1,pipeline_1,pipeline,1.0,0.966091881296162,False
workload_749.cpp,xcu200-fsgd2104-2-e,3.33,278.25093387,89,1,1,1,1,pipeline_1,pipeline_1,unroll_2,1.0,0.966091887324769,False
workload_750.cpp,xcu200-fsgd2104-2-e,3.33,278.25095052,89,1,1,1,1,pipeline_1,pipeline_1,unroll_16,1.0,0.966091881296162,False
workload_751.cpp,xcu200-fsgd2104-2-e,3.33,609.86419533,95,1,1,2,1,unroll_8,pipeline_1,pipeline_1,1.25,0.8411030104833176,False
workload_752.cpp,xcu200-fsgd2104-2-e,3.33,2345.00198733,173,1,1,2,5,unroll_4,unroll,unroll_16,2.25,0.35274193254016495,False
workload_753.cpp,xcu200-fsgd2104-2-e,3.33,600.48691533,63,1,1,1,1,unroll_4,pipeline_1,unroll,1.0,0.8533465950841226,False
workload_754.cpp,xcu200-fsgd2104-2-e,3.33,610.03469133,64,1,1,1,1,unroll_4,pipeline_1,unroll_4,1.0,0.8501258565408039,False
workload_755.cpp,xcu200-fsgd2104-2-e,3.33,610.03469133,64,1,1,1,1,unroll_4,pipeline_1,pipeline_1,1.0,0.8501258565408039,False
workload_756.cpp,xcu200-fsgd2104-2-e,3.33,278.25095052,74,1,1,1,1,pipeline,pipeline_1,pipeline,1.0,0.966091881296162,False
workload_757.cpp,xcu200-fsgd2104-2-e,3.33,46.37630394,74,1,1,1,2,pipeline,unroll,pipeline,1.25,1.0,True
workload_758.cpp,xcu200-fsgd2104-2-e,3.33,609.86419533,93,1,1,2,1,unroll_8,pipeline_1,unroll_2,1.25,0.8411030104833176,False
workload_759.cpp,xcu200-fsgd2104-2-e,3.33,529.39010331,1958,1,1,3,2,unroll_16,unroll,unroll,1.75,0.8018740444726397,False
workload_760.cpp,xcu200-fsgd2104-2-e,3.33,609.86419533,83,1,1,2,1,unroll_8,pipeline,unroll_4,1.25,0.8411030104833176,False
workload_761.cpp,xcu200-fsgd2104-2-e,3.33,609.77894733,130,1,1,4,3,unroll_16,pipeline_1,pipeline_1,2.25,0.7116511636524221,False
workload_762.cpp,xcu200-fsgd2104-2-e,3.33,610.03469133,62,1,1,1,1,unroll_4,pipeline,pipeline,1.0,0.8501258565408039,False
workload_763.cpp,xcu200-fsgd2104-2-e,3.33,610.03469133,62,1,1,1,1,unroll_4,pipeline_1,unroll_8,1.0,0.8501258565408039,False
workload_764.cpp,xcu200-fsgd2104-2-e,3.33,610.03469133,63,1,1,1,1,unroll_4,pipeline_1,unroll_2,1.0,0.8501258565408039,False
workload_765.cpp,xcu200-fsgd2104-2-e,3.33,609.86419533,82,1,1,2,1,unroll_8,pipeline_1,unroll_4,1.25,0.8411030104833176,False
